id,cogency_crowd,cogency_mean_crowd,effectiveness_crowd,effectiveness_mean_crowd,reasonableness_crowd,reasonableness_mean_crowd,overall_crowd,overall_mean_crowd,argumentative_crowd,argumentative_majority_crowd,cogency_experts,cogency_mean_experts,effectiveness_experts,effectiveness_mean_experts,reasonableness_experts,reasonableness_mean_experts,overall_experts,overall_mean_experts,argumentative_experts,argumentative_majority_experts,cogency,cogency_mean,effectiveness,effectiveness_mean,reasonableness,reasonableness_mean,overall,overall_mean,argumentative,argumentative_majority
RCItGdzb8cfGHI5j0fIWHw,"(4, 'n/a', 'n/a', 'n/a', 2, 4, 'n/a', 3, 4, 2, 3, '#', 4, 4)",3.3333333333333335,"(4, 'n/a', 'n/a', 'n/a', 1, 3, 'n/a', 2, 4, 3, 3, '#', 3, 3)",2.888888888888889,"(3, 'n/a', 'n/a', 'n/a', 1, 4, 'n/a', 2, 4, 2, 3, '#', 3, 2)",2.6666666666666665,"(4, 'n/a', 'n/a', 'n/a', 1, 4, 'n/a', 2, 4, 2, 3, '#', 3, 3)",2.888888888888889,"(1, 'n/a', 'n/a', 'n/a', 1, 1, 'n/a', 1, 1, 1, 1, 1, 1, 1)",1,"(3,)",3.0,"(2,)",2.0,"(2,)",2.0,"(2,)",2.0,"(1,)",1,"(4, 'n/a', 'n/a', 'n/a', 2, 4, 'n/a', 3, 4, 2, 3, '#', 4, 4)(3,)",3.166666666666667,"(4, 'n/a', 'n/a', 'n/a', 1, 3, 'n/a', 2, 4, 3, 3, '#', 3, 3)(2,)",2.4444444444444446,"(3, 'n/a', 'n/a', 'n/a', 1, 4, 'n/a', 2, 4, 2, 3, '#', 3, 2)(2,)",2.333333333333333,"(4, 'n/a', 'n/a', 'n/a', 1, 4, 'n/a', 2, 4, 2, 3, '#', 3, 3)(2,)",2.4444444444444446,"(1, 'n/a', 'n/a', 'n/a', 1, 1, 'n/a', 1, 1, 1, 1, 1, 1, 1)(1,)",1
o83xPJ5NDIgniRXIJ13ttA,"(4, 'n/a', 'n/a', 3, 4, 4, 5, 3, 4, 'n/a', 3, 2, 'n/a', 5)",3.7,"(4, 'n/a', 'n/a', 3, 4, 4, 5, 2, 4, 'n/a', 1, 3, 'n/a', 5)",3.5,"(4, 'n/a', 'n/a', 3, 4, 4, 5, 2, 4, 'n/a', 1, 1, 'n/a', 5)",3.3,"(4, 'n/a', 'n/a', 3, 4, 4, 5, 2, 4, 'n/a', 1, 2, 'n/a', 5)",3.4,"(1, 'n/a', 'n/a', 1, 1, 1, 1, 1, 1, 'n/a', 1, 1, 'n/a', 1)",1,"(3,)",3.0,"(3,)",3.0,"(2,)",2.0,"(2,)",2.0,"(1,)",1,"(4, 'n/a', 'n/a', 3, 4, 4, 5, 3, 4, 'n/a', 3, 2, 'n/a', 5)(3,)",3.35,"(4, 'n/a', 'n/a', 3, 4, 4, 5, 2, 4, 'n/a', 1, 3, 'n/a', 5)(3,)",3.25,"(4, 'n/a', 'n/a', 3, 4, 4, 5, 2, 4, 'n/a', 1, 1, 'n/a', 5)(2,)",2.65,"(4, 'n/a', 'n/a', 3, 4, 4, 5, 2, 4, 'n/a', 1, 2, 'n/a', 5)(2,)",2.7,"(1, 'n/a', 'n/a', 1, 1, 1, 1, 1, 1, 'n/a', 1, 1, 'n/a', 1)(1,)",1
nfesCO0sW4oP1qJanIsbeA,"(3, 'n/a', 'n/a', 3, 3, 4, 'n/a', 3, 4, 3, 3, 3, 'n/a', 3)",3.2,"(3, 'n/a', 'n/a', 3, 3, 4, 'n/a', 3, 4, 3, 3, 5, 'n/a', 3)",3.4,"(4, 'n/a', 'n/a', 3, 4, 4, 'n/a', 2, 4, 2, 3, 3, 'n/a', 2)",3.1,"(3, 'n/a', 'n/a', 3, 3, 4, 'n/a', 3, 4, 3, 3, 3, 'n/a', 3)",3.2,"(1, 'n/a', 'n/a', 1, 1, 1, 'n/a', 1, 1, 1, 1, 1, 'n/a', 1)",1,"(4, 'n/a')",4.0,"(4, 'n/a')",4.0,"(5, 'n/a')",5.0,"(4, 'n/a')",4.0,"(1, 'n/a')",1,"(3, 'n/a', 'n/a', 3, 3, 4, 'n/a', 3, 4, 3, 3, 3, 'n/a', 3)(4, 'n/a')",3.6,"(3, 'n/a', 'n/a', 3, 3, 4, 'n/a', 3, 4, 3, 3, 5, 'n/a', 3)(4, 'n/a')",3.7,"(4, 'n/a', 'n/a', 3, 4, 4, 'n/a', 2, 4, 2, 3, 3, 'n/a', 2)(5, 'n/a')",4.05,"(3, 'n/a', 'n/a', 3, 3, 4, 'n/a', 3, 4, 3, 3, 3, 'n/a', 3)(4, 'n/a')",3.6,"(1, 'n/a', 'n/a', 1, 1, 1, 'n/a', 1, 1, 1, 1, 1, 'n/a', 1)(1, 'n/a')",1
0hRjpnwakKsjk3Lu7ClgEA,"(4, 'n/a', 'n/a', 'n/a', 4, 4, 'n/a', 3, 4, 4, 4, 4, 4, 4)",3.9,"(4, 'n/a', 'n/a', 'n/a', 3, 4, 'n/a', 4, 4, 4, 4, 5, 4, 5)",4.1,"(3, 'n/a', 'n/a', 'n/a', 4, 4, 'n/a', 4, 4, 4, 4, 4, 4, 3)",3.8,"(4, 'n/a', 'n/a', 'n/a', 3, 4, 'n/a', 4, 4, 4, 4, 4, 4, 4)",3.9,"(1, 'n/a', 'n/a', 'n/a', 1, 1, 'n/a', 1, 1, 1, 1, 1, 1, 1)",1,"(4, 'n/a')",4.0,"(4, 'n/a')",4.0,"(4, 'n/a')",4.0,"(4, 'n/a')",4.0,"(1, 'n/a')",1,"(4, 'n/a', 'n/a', 'n/a', 4, 4, 'n/a', 3, 4, 4, 4, 4, 4, 4)(4, 'n/a')",3.95,"(4, 'n/a', 'n/a', 'n/a', 3, 4, 'n/a', 4, 4, 4, 4, 5, 4, 5)(4, 'n/a')",4.05,"(3, 'n/a', 'n/a', 'n/a', 4, 4, 'n/a', 4, 4, 4, 4, 4, 4, 3)(4, 'n/a')",3.9,"(4, 'n/a', 'n/a', 'n/a', 3, 4, 'n/a', 4, 4, 4, 4, 4, 4, 4)(4, 'n/a')",3.95,"(1, 'n/a', 'n/a', 'n/a', 1, 1, 'n/a', 1, 1, 1, 1, 1, 1, 1)(1, 'n/a')",1
B771-GiNx_CmEhOEX1Fdkw,"(4, 'n/a', 'n/a', 3, 4, 4, 4, 4, 4, 'n/a', 3, 4, 'n/a', 4)",3.8,"(4, 'n/a', 'n/a', 3, 3, 4, 4, 5, 3, 'n/a', 3, 5, 'n/a', 4)",3.8,"(3, 'n/a', 'n/a', 3, 4, 4, 4, 4, 4, 'n/a', 3, 4, 'n/a', 3)",3.6,"(4, 'n/a', 'n/a', 3, 4, 4, 4, 4, 3, 'n/a', 3, 4, 'n/a', 4)",3.7,"(1, 'n/a', 'n/a', 1, 1, 1, 1, 1, 1, 'n/a', 1, 1, 'n/a', 1)",1,"('n/a', 4)",4.0,"('n/a', 5)",5.0,"('n/a', 5)",5.0,"('n/a', 5)",5.0,"('n/a', 1)",1,"(4, 'n/a', 'n/a', 3, 4, 4, 4, 4, 4, 'n/a', 3, 4, 'n/a', 4)('n/a', 4)",3.9,"(4, 'n/a', 'n/a', 3, 3, 4, 4, 5, 3, 'n/a', 3, 5, 'n/a', 4)('n/a', 5)",4.4,"(3, 'n/a', 'n/a', 3, 4, 4, 4, 4, 4, 'n/a', 3, 4, 'n/a', 3)('n/a', 5)",4.3,"(4, 'n/a', 'n/a', 3, 4, 4, 4, 4, 3, 'n/a', 3, 4, 'n/a', 4)('n/a', 5)",4.35,"(1, 'n/a', 'n/a', 1, 1, 1, 1, 1, 1, 'n/a', 1, 1, 'n/a', 1)('n/a', 1)",1
yGPYn79VxlRc36hZ7_BR0Q,"(3, 'n/a', 'n/a', 1, 2, 4, 'n/a', 3, 4, 3, 3, 2, 'n/a', 4)",2.9,"(2, 'n/a', 'n/a', 1, 3, 4, 'n/a', 2, 4, 2, 2, 3, 'n/a', 4)",2.7,"(3, 'n/a', 'n/a', 1, 2, 4, 'n/a', 2, 4, 2, 3, 1, 'n/a', 3)",2.5,"(3, 'n/a', 'n/a', 1, 2, 4, 'n/a', 2, 4, 2, 3, 2, 'n/a', 4)",2.7,"(1, 'n/a', 'n/a', 1, 1, 1, 'n/a', 1, 1, 1, 1, 1, 'n/a', 1)",1,"(4, 'n/a')",4.0,"(4, 'n/a')",4.0,"(4, 'n/a')",4.0,"(4, 'n/a')",4.0,"(1, 'n/a')",1,"(3, 'n/a', 'n/a', 1, 2, 4, 'n/a', 3, 4, 3, 3, 2, 'n/a', 4)(4, 'n/a')",3.45,"(2, 'n/a', 'n/a', 1, 3, 4, 'n/a', 2, 4, 2, 2, 3, 'n/a', 4)(4, 'n/a')",3.35,"(3, 'n/a', 'n/a', 1, 2, 4, 'n/a', 2, 4, 2, 3, 1, 'n/a', 3)(4, 'n/a')",3.25,"(3, 'n/a', 'n/a', 1, 2, 4, 'n/a', 2, 4, 2, 3, 2, 'n/a', 4)(4, 'n/a')",3.35,"(1, 'n/a', 'n/a', 1, 1, 1, 'n/a', 1, 1, 1, 1, 1, 'n/a', 1)(1, 'n/a')",1
D6Y96dWoxdl6h7tv9xw5iA,"(3, 'n/a', 'n/a', 1, 3, 4, 'n/a', 4, 4, 3, 4, 2, 'n/a', 5)",3.3,"(2, 'n/a', 'n/a', 1, 2, 4, 'n/a', 4, 4, 2, 3, 4, 'n/a', 4)",3.0,"(3, 'n/a', 'n/a', 1, 2, 4, 'n/a', 5, 4, 3, 3, 2, 'n/a', 5)",3.2,"(3, 'n/a', 'n/a', 1, 2, 4, 'n/a', 4, 4, 3, 3, 3, 'n/a', 5)",3.2,"(1, 'n/a', 'n/a', 1, 1, 1, 'n/a', 1, 1, 1, 1, 1, 'n/a', 1)",1,"(4,)",4.0,"(4,)",4.0,"(4,)",4.0,"(4,)",4.0,"(1,)",1,"(3, 'n/a', 'n/a', 1, 3, 4, 'n/a', 4, 4, 3, 4, 2, 'n/a', 5)(4,)",3.65,"(2, 'n/a', 'n/a', 1, 2, 4, 'n/a', 4, 4, 2, 3, 4, 'n/a', 4)(4,)",3.5,"(3, 'n/a', 'n/a', 1, 2, 4, 'n/a', 5, 4, 3, 3, 2, 'n/a', 5)(4,)",3.6,"(3, 'n/a', 'n/a', 1, 2, 4, 'n/a', 4, 4, 3, 3, 3, 'n/a', 5)(4,)",3.6,"(1, 'n/a', 'n/a', 1, 1, 1, 'n/a', 1, 1, 1, 1, 1, 'n/a', 1)(1,)",1
LcjMKbx5JIU8qvGtqIVg2Q,"(2, 'n/a', 'n/a', 'n/a', 4, 4, 'n/a', 3, 4, 4, 4, 3, 4, 3)",3.5,"(1, 'n/a', 'n/a', 'n/a', 2, 3, 'n/a', 3, 4, 4, 2, 3, 2, 3)",2.7,"(2, 'n/a', 'n/a', 'n/a', 3, 4, 'n/a', 2, 4, 4, 3, 2, 4, 3)",3.1,"(2, 'n/a', 'n/a', 'n/a', 2, 4, 'n/a', 3, 4, 4, 3, 3, 3, 3)",3.1,"(1, 'n/a', 'n/a', 'n/a', 1, 1, 'n/a', 1, 1, 1, 1, 1, 1, 1)",1,"(4, 'n/a')",4.0,"(4, 'n/a')",4.0,"(4, 'n/a')",4.0,"(4, 'n/a')",4.0,"(1, 'n/a')",1,"(2, 'n/a', 'n/a', 'n/a', 4, 4, 'n/a', 3, 4, 4, 4, 3, 4, 3)(4, 'n/a')",3.75,"(1, 'n/a', 'n/a', 'n/a', 2, 3, 'n/a', 3, 4, 4, 2, 3, 2, 3)(4, 'n/a')",3.35,"(2, 'n/a', 'n/a', 'n/a', 3, 4, 'n/a', 2, 4, 4, 3, 2, 4, 3)(4, 'n/a')",3.55,"(2, 'n/a', 'n/a', 'n/a', 2, 4, 'n/a', 3, 4, 4, 3, 3, 3, 3)(4, 'n/a')",3.55,"(1, 'n/a', 'n/a', 'n/a', 1, 1, 'n/a', 1, 1, 1, 1, 1, 1, 1)(1, 'n/a')",1
stKwMwkiTXcWBiWgLGdYgw,"(4, 'n/a', 3, 2, 4, 4, 4, 'n/a', 4, 'n/a', 4, 3, 'n/a', 5)",3.7,"(4, 'n/a', 3, 2, 2, 4, 5, 'n/a', 4, 'n/a', 4, 4, 'n/a', 5)",3.7,"(4, 'n/a', 3, 2, 4, 4, 4, 'n/a', 4, 'n/a', 4, 2, 'n/a', 4)",3.5,"(4, 'n/a', 3, 2, 4, 4, 4, 'n/a', 4, 'n/a', 4, 3, 'n/a', 5)",3.7,"(1, 'n/a', 1, 1, 1, 1, 1, 'n/a', 1, 'n/a', 1, 1, 'n/a', 1)",1,"(4, 'n/a')",4.0,"(4, 'n/a')",4.0,"(3, 'n/a')",3.0,"(3, 'n/a')",3.0,"(1, 'n/a')",1,"(4, 'n/a', 3, 2, 4, 4, 4, 'n/a', 4, 'n/a', 4, 3, 'n/a', 5)(4, 'n/a')",3.85,"(4, 'n/a', 3, 2, 2, 4, 5, 'n/a', 4, 'n/a', 4, 4, 'n/a', 5)(4, 'n/a')",3.85,"(4, 'n/a', 3, 2, 4, 4, 4, 'n/a', 4, 'n/a', 4, 2, 'n/a', 4)(3, 'n/a')",3.25,"(4, 'n/a', 3, 2, 4, 4, 4, 'n/a', 4, 'n/a', 4, 3, 'n/a', 5)(3, 'n/a')",3.35,"(1, 'n/a', 1, 1, 1, 1, 1, 'n/a', 1, 'n/a', 1, 1, 'n/a', 1)(1, 'n/a')",1
yENNne8UbF4vRppbVeFWgA,"(4, 'n/a', 'n/a', 3, 4, 4, 'n/a', 'n/a', 4, 4, 4, 2, 3, 4)",3.6,"(3, 'n/a', 'n/a', 3, 4, 3, 'n/a', 'n/a', 4, 4, 4, 3, 4, 3)",3.5,"(4, 'n/a', 'n/a', 3, 4, 4, 'n/a', 'n/a', 4, 3, 4, 2, 4, 3)",3.5,"(4, 'n/a', 'n/a', 3, 4, 4, 'n/a', 'n/a', 4, 4, 4, 2, 4, 3)",3.6,"(1, 'n/a', 'n/a', 1, 1, 1, 'n/a', 'n/a', 1, 1, 1, 1, 1, 1)",1,"(2,)",2.0,"(3,)",3.0,"(3,)",3.0,"(3,)",3.0,"(1,)",1,"(4, 'n/a', 'n/a', 3, 4, 4, 'n/a', 'n/a', 4, 4, 4, 2, 3, 4)(2,)",2.8,"(3, 'n/a', 'n/a', 3, 4, 3, 'n/a', 'n/a', 4, 4, 4, 3, 4, 3)(3,)",3.25,"(4, 'n/a', 'n/a', 3, 4, 4, 'n/a', 'n/a', 4, 3, 4, 2, 4, 3)(3,)",3.25,"(4, 'n/a', 'n/a', 3, 4, 4, 'n/a', 'n/a', 4, 4, 4, 2, 4, 3)(3,)",3.3,"(1, 'n/a', 'n/a', 1, 1, 1, 'n/a', 'n/a', 1, 1, 1, 1, 1, 1)(1,)",1
nzGgfSNF_KkFVD4IhmwTLw,"(3, 'n/a', 'n/a', 3, 2, 4, 'n/a', 3, 4, 3, 3, 2, 'n/a', 4)",3.1,"(4, 'n/a', 'n/a', 3, 1, 3, 'n/a', 2, 4, 2, 2, 2, 'n/a', 5)",2.8,"(4, 'n/a', 'n/a', 3, 3, 4, 'n/a', 2, 4, 3, 3, 2, 'n/a', 4)",3.2,"(4, 'n/a', 'n/a', 3, 2, 4, 'n/a', 2, 4, 3, 3, 2, 'n/a', 4)",3.1,"(1, 'n/a', 'n/a', 1, 1, 1, 'n/a', 1, 1, 1, 1, 1, 'n/a', 1)",1,"(4, 'n/a')",4.0,"(3, 'n/a')",3.0,"(3, 'n/a')",3.0,"(3, 'n/a')",3.0,"(1, 'n/a')",1,"(3, 'n/a', 'n/a', 3, 2, 4, 'n/a', 3, 4, 3, 3, 2, 'n/a', 4)(4, 'n/a')",3.55,"(4, 'n/a', 'n/a', 3, 1, 3, 'n/a', 2, 4, 2, 2, 2, 'n/a', 5)(3, 'n/a')",2.9,"(4, 'n/a', 'n/a', 3, 3, 4, 'n/a', 2, 4, 3, 3, 2, 'n/a', 4)(3, 'n/a')",3.1,"(4, 'n/a', 'n/a', 3, 2, 4, 'n/a', 2, 4, 3, 3, 2, 'n/a', 4)(3, 'n/a')",3.05,"(1, 'n/a', 'n/a', 1, 1, 1, 'n/a', 1, 1, 1, 1, 1, 'n/a', 1)(1, 'n/a')",1
Mjy-6tSHypxJcq6kKmc0Dw,"(2, 'n/a', 'n/a', 2, 1, 3, 4, 3, 3, 'n/a', 1, 1, 'n/a', 5)",2.5,"(3, 'n/a', 'n/a', 2, 1, 2, 5, 3, 3, 'n/a', 1, 2, 'n/a', 5)",2.7,"(3, 'n/a', 'n/a', 2, 1, 4, 5, 4, 3, 'n/a', 1, 1, 'n/a', 4)",2.8,"(3, 'n/a', 'n/a', 2, 1, 3, 5, 3, 3, 'n/a', 1, 1, 'n/a', 5)",2.7,"(1, 'n/a', 'n/a', 1, 1, 1, 1, 1, 1, 'n/a', 1, 1, 'n/a', 1)",1,"(3, 'n/a')",3.0,"(2, 'n/a')",2.0,"(3, 'n/a')",3.0,"(3, 'n/a')",3.0,"(1, 'n/a')",1,"(2, 'n/a', 'n/a', 2, 1, 3, 4, 3, 3, 'n/a', 1, 1, 'n/a', 5)(3, 'n/a')",2.75,"(3, 'n/a', 'n/a', 2, 1, 2, 5, 3, 3, 'n/a', 1, 2, 'n/a', 5)(2, 'n/a')",2.35,"(3, 'n/a', 'n/a', 2, 1, 4, 5, 4, 3, 'n/a', 1, 1, 'n/a', 4)(3, 'n/a')",2.9,"(3, 'n/a', 'n/a', 2, 1, 3, 5, 3, 3, 'n/a', 1, 1, 'n/a', 5)(3, 'n/a')",2.85,"(1, 'n/a', 'n/a', 1, 1, 1, 1, 1, 1, 'n/a', 1, 1, 'n/a', 1)(1, 'n/a')",1
mnamRhHKBVZes98EgDpgAw,"(3, 'n/a', 'n/a', 2, 2, 4, 'n/a', 'n/a', 4, 2, 3, 3, 4, 5)",3.2,"(2, 'n/a', 'n/a', 2, 3, 4, 'n/a', 'n/a', 4, 3, 2, 4, 4, 5)",3.3,"(3, 'n/a', 'n/a', 2, 2, 4, 'n/a', 'n/a', 4, 2, 4, 2, 4, 5)",3.2,"(3, 'n/a', 'n/a', 2, 2, 4, 'n/a', 'n/a', 4, 2, 3, 3, 4, 5)",3.2,"(1, 'n/a', 'n/a', 1, 1, 1, 'n/a', 'n/a', 1, 1, 1, 1, 1, 1)",1,"(4,)",4.0,"(4,)",4.0,"(4,)",4.0,"(4,)",4.0,"(1,)",1,"(3, 'n/a', 'n/a', 2, 2, 4, 'n/a', 'n/a', 4, 2, 3, 3, 4, 5)(4,)",3.6,"(2, 'n/a', 'n/a', 2, 3, 4, 'n/a', 'n/a', 4, 3, 2, 4, 4, 5)(4,)",3.65,"(3, 'n/a', 'n/a', 2, 2, 4, 'n/a', 'n/a', 4, 2, 4, 2, 4, 5)(4,)",3.6,"(3, 'n/a', 'n/a', 2, 2, 4, 'n/a', 'n/a', 4, 2, 3, 3, 4, 5)(4,)",3.6,"(1, 'n/a', 'n/a', 1, 1, 1, 'n/a', 'n/a', 1, 1, 1, 1, 1, 1)(1,)",1
I5aizd0tdcd3hmzoYzSqLw,"(2, 'n/a', 'n/a', 'n/a', 3, 3, 4, 3, 4, 'n/a', 4, 3, 4, 2)",3.2,"(1, 'n/a', 'n/a', 'n/a', 1, 2, 4, 3, 4, 'n/a', 2, 5, 3, 2)",2.7,"(2, 'n/a', 'n/a', 'n/a', 3, 3, 4, 3, 4, 'n/a', 4, 4, 3, 1)",3.1,"(2, 'n/a', 'n/a', 'n/a', 2, 3, 4, 3, 4, 'n/a', 4, 4, 3, 2)",3.1,"(1, 'n/a', 'n/a', 'n/a', 1, 1, 1, 1, 1, 'n/a', 1, 1, 1, 1)",1,"(4, 'n/a')",4.0,"(5, 'n/a')",5.0,"(4, 'n/a')",4.0,"(4, 'n/a')",4.0,"(1, 'n/a')",1,"(2, 'n/a', 'n/a', 'n/a', 3, 3, 4, 3, 4, 'n/a', 4, 3, 4, 2)(4, 'n/a')",3.6,"(1, 'n/a', 'n/a', 'n/a', 1, 2, 4, 3, 4, 'n/a', 2, 5, 3, 2)(5, 'n/a')",3.85,"(2, 'n/a', 'n/a', 'n/a', 3, 3, 4, 3, 4, 'n/a', 4, 4, 3, 1)(4, 'n/a')",3.55,"(2, 'n/a', 'n/a', 'n/a', 2, 3, 4, 3, 4, 'n/a', 4, 4, 3, 2)(4, 'n/a')",3.55,"(1, 'n/a', 'n/a', 'n/a', 1, 1, 1, 1, 1, 'n/a', 1, 1, 1, 1)(1, 'n/a')",1
UU_aQf1SlPvP9irjhry18w,"(4, 'n/a', 'n/a', 4, 3, 4, 'n/a', 'n/a', 4, 4, 4, 3, 4, 4)",3.8,"(4, 'n/a', 'n/a', 4, 2, 3, 'n/a', 'n/a', 4, 3, 4, 3, 3, 4)",3.4,"(4, 'n/a', 'n/a', 4, 3, 4, 'n/a', 'n/a', 4, 4, 4, 3, 4, 4)",3.8,"(4, 'n/a', 'n/a', 4, 3, 4, 'n/a', 'n/a', 4, 3, 4, 3, 4, 4)",3.7,"(1, 'n/a', 'n/a', 1, 1, 1, 'n/a', 'n/a', 1, 1, 1, 1, 1, 1)",1,"(4, 'n/a')",4.0,"(5, 'n/a')",5.0,"(5, 'n/a')",5.0,"(5, 'n/a')",5.0,"(1, 'n/a')",1,"(4, 'n/a', 'n/a', 4, 3, 4, 'n/a', 'n/a', 4, 4, 4, 3, 4, 4)(4, 'n/a')",3.9,"(4, 'n/a', 'n/a', 4, 2, 3, 'n/a', 'n/a', 4, 3, 4, 3, 3, 4)(5, 'n/a')",4.2,"(4, 'n/a', 'n/a', 4, 3, 4, 'n/a', 'n/a', 4, 4, 4, 3, 4, 4)(5, 'n/a')",4.4,"(4, 'n/a', 'n/a', 4, 3, 4, 'n/a', 'n/a', 4, 3, 4, 3, 4, 4)(5, 'n/a')",4.35,"(1, 'n/a', 'n/a', 1, 1, 1, 'n/a', 'n/a', 1, 1, 1, 1, 1, 1)(1, 'n/a')",1
6StS6Vab9z0qxepFYW04ZQ,"(4, 'n/a', 'n/a', 'n/a', 3, 4, 'n/a', 3, 4, 2, 2, 4, 4, 5)",3.5,"(3, 'n/a', 'n/a', 'n/a', 2, 4, 'n/a', 2, 4, 2, 2, 4, 3, 5)",3.1,"(3, 'n/a', 'n/a', 'n/a', 4, 4, 'n/a', 2, 4, 2, 2, 2, 3, 5)",3.1,"(3, 'n/a', 'n/a', 'n/a', 3, 4, 'n/a', 2, 4, 2, 2, 3, 3, 5)",3.1,"(1, 'n/a', 'n/a', 'n/a', 1, 1, 'n/a', 1, 1, 1, 1, 1, 1, 1)",1,"(4, 4)",4.0,"(4, 4)",4.0,"(4, 4)",4.0,"(4, 4)",4.0,"(1, 1)",1,"(4, 'n/a', 'n/a', 'n/a', 3, 4, 'n/a', 3, 4, 2, 2, 4, 4, 5)(4, 4)",3.75,"(3, 'n/a', 'n/a', 'n/a', 2, 4, 'n/a', 2, 4, 2, 2, 4, 3, 5)(4, 4)",3.55,"(3, 'n/a', 'n/a', 'n/a', 4, 4, 'n/a', 2, 4, 2, 2, 2, 3, 5)(4, 4)",3.55,"(3, 'n/a', 'n/a', 'n/a', 3, 4, 'n/a', 2, 4, 2, 2, 3, 3, 5)(4, 4)",3.55,"(1, 'n/a', 'n/a', 'n/a', 1, 1, 'n/a', 1, 1, 1, 1, 1, 1, 1)(1, 1)",1
Hnh74Tv4bOZldusdbfF29A,"(5, 'n/a', 'n/a', 2, 3, 4, 5, 4, 4, 'n/a', 4, 4, 'n/a', 5)",4.0,"(4, 'n/a', 'n/a', 2, 4, 3, 5, 5, 4, 'n/a', 4, 5, 'n/a', 5)",4.1,"(5, 'n/a', 'n/a', 2, 4, 4, 5, 5, 4, 'n/a', 4, 5, 'n/a', 5)",4.3,"(5, 'n/a', 'n/a', 2, 4, 4, 5, 5, 4, 'n/a', 4, 5, 'n/a', 5)",4.3,"(1, 'n/a', 'n/a', 1, 1, 1, 1, 1, 1, 'n/a', 1, 1, 'n/a', 1)",1,"(4, 'n/a')",4.0,"(5, 'n/a')",5.0,"(4, 'n/a')",4.0,"(4, 'n/a')",4.0,"(1, 'n/a')",1,"(5, 'n/a', 'n/a', 2, 3, 4, 5, 4, 4, 'n/a', 4, 4, 'n/a', 5)(4, 'n/a')",4.0,"(4, 'n/a', 'n/a', 2, 4, 3, 5, 5, 4, 'n/a', 4, 5, 'n/a', 5)(5, 'n/a')",4.55,"(5, 'n/a', 'n/a', 2, 4, 4, 5, 5, 4, 'n/a', 4, 5, 'n/a', 5)(4, 'n/a')",4.15,"(5, 'n/a', 'n/a', 2, 4, 4, 5, 5, 4, 'n/a', 4, 5, 'n/a', 5)(4, 'n/a')",4.15,"(1, 'n/a', 'n/a', 1, 1, 1, 1, 1, 1, 'n/a', 1, 1, 'n/a', 1)(1, 'n/a')",1
-ctKCcROLThWd2x1ZU5KUQ,"(3, 'n/a', 'n/a', 'n/a', 3, 3, 2, 3, 3, 'n/a', 1, 2, 2, 3)",2.5,"(3, 'n/a', 'n/a', 'n/a', 1, 2, 2, 2, 3, 'n/a', 1, 3, 3, 2)",2.2,"(3, 'n/a', 'n/a', 'n/a', 3, 3, 3, 2, 3, 'n/a', 1, 2, 2, 3)",2.5,"(3, 'n/a', 'n/a', 'n/a', 2, 3, 2, 2, 3, 'n/a', 1, 2, 2, 3)",2.3,"(1, 'n/a', 'n/a', 'n/a', 1, 1, 1, 1, 1, 'n/a', 1, 1, 1, 1)",1,"(2,)",2.0,"(2,)",2.0,"(2,)",2.0,"(2,)",2.0,"(1,)",1,"(3, 'n/a', 'n/a', 'n/a', 3, 3, 2, 3, 3, 'n/a', 1, 2, 2, 3)(2,)",2.25,"(3, 'n/a', 'n/a', 'n/a', 1, 2, 2, 2, 3, 'n/a', 1, 3, 3, 2)(2,)",2.1,"(3, 'n/a', 'n/a', 'n/a', 3, 3, 3, 2, 3, 'n/a', 1, 2, 2, 3)(2,)",2.25,"(3, 'n/a', 'n/a', 'n/a', 2, 3, 2, 2, 3, 'n/a', 1, 2, 2, 3)(2,)",2.15,"(1, 'n/a', 'n/a', 'n/a', 1, 1, 1, 1, 1, 'n/a', 1, 1, 1, 1)(1,)",1
_kkGAcQu9CF3GoIkAmuWNg,"(3, 'n/a', 'n/a', 3, 4, 4, 'n/a', 'n/a', 4, 3, 3, 2, 3, 4)",3.3,"(2, 'n/a', 'n/a', 3, 2, 4, 'n/a', 'n/a', 4, 3, 3, 3, 4, 4)",3.2,"(3, 'n/a', 'n/a', 3, 3, 4, 'n/a', 'n/a', 4, 3, 3, 3, 3, 4)",3.3,"(3, 'n/a', 'n/a', 3, 3, 4, 'n/a', 'n/a', 4, 3, 3, 3, 3, 4)",3.3,"(1, 'n/a', 'n/a', 1, 1, 1, 'n/a', 'n/a', 1, 1, 1, 1, 1, 1)",1,"(3, 'n/a')",3.0,"(3, 'n/a')",3.0,"(3, 'n/a')",3.0,"(3, 'n/a')",3.0,"(1, 'n/a')",1,"(3, 'n/a', 'n/a', 3, 4, 4, 'n/a', 'n/a', 4, 3, 3, 2, 3, 4)(3, 'n/a')",3.15,"(2, 'n/a', 'n/a', 3, 2, 4, 'n/a', 'n/a', 4, 3, 3, 3, 4, 4)(3, 'n/a')",3.1,"(3, 'n/a', 'n/a', 3, 3, 4, 'n/a', 'n/a', 4, 3, 3, 3, 3, 4)(3, 'n/a')",3.15,"(3, 'n/a', 'n/a', 3, 3, 4, 'n/a', 'n/a', 4, 3, 3, 3, 3, 4)(3, 'n/a')",3.15,"(1, 'n/a', 'n/a', 1, 1, 1, 'n/a', 'n/a', 1, 1, 1, 1, 1, 1)(1, 'n/a')",1
FQgSwoi-z9hF-EpCKMdbFA,"(2, 'n/a', 'n/a', 3, 4, 4, 5, 'n/a', 4, 3, 2, 2, 'n/a', 4)",3.3,"(3, 'n/a', 'n/a', 3, 3, 3, 5, 'n/a', 4, 2, 2, 2, 'n/a', 5)",3.2,"(3, 'n/a', 'n/a', 3, 4, 4, 5, 'n/a', 4, 2, 2, 1, 'n/a', 4)",3.2,"(3, 'n/a', 'n/a', 3, 4, 4, 5, 'n/a', 4, 2, 2, 2, 'n/a', 4)",3.3,"(1, 'n/a', 'n/a', 1, 1, 1, 1, 'n/a', 1, 1, 1, 1, 'n/a', 1)",1,"(4,)",4.0,"(4,)",4.0,"(4,)",4.0,"(4,)",4.0,"(1,)",1,"(2, 'n/a', 'n/a', 3, 4, 4, 5, 'n/a', 4, 3, 2, 2, 'n/a', 4)(4,)",3.65,"(3, 'n/a', 'n/a', 3, 3, 3, 5, 'n/a', 4, 2, 2, 2, 'n/a', 5)(4,)",3.6,"(3, 'n/a', 'n/a', 3, 4, 4, 5, 'n/a', 4, 2, 2, 1, 'n/a', 4)(4,)",3.6,"(3, 'n/a', 'n/a', 3, 4, 4, 5, 'n/a', 4, 2, 2, 2, 'n/a', 4)(4,)",3.65,"(1, 'n/a', 'n/a', 1, 1, 1, 1, 'n/a', 1, 1, 1, 1, 'n/a', 1)(1,)",1
iKmP0W2BH4GP82vrGWPs1Q,"(2, 'n/a', 'n/a', 2, 3, 4, 'n/a', 3, 3, 1, 3, 2, 'n/a', 2)",2.5,"(2, 'n/a', 'n/a', 2, 2, 3, 'n/a', 2, 3, 2, 3, 4, 'n/a', 1)",2.4,"(2, 'n/a', 'n/a', 2, 2, 3, 'n/a', 2, 3, 1, 3, 2, 'n/a', 1)",2.1,"(2, 'n/a', 'n/a', 2, 2, 3, 'n/a', 2, 3, 2, 3, 2, 'n/a', 1)",2.2,"(1, 'n/a', 'n/a', 1, 1, 1, 'n/a', 1, 1, 1, 1, 1, 'n/a', 1)",1,"(3, 'n/a')",3.0,"(3, 'n/a')",3.0,"(3, 'n/a')",3.0,"(3, 'n/a')",3.0,"(1, 'n/a')",1,"(2, 'n/a', 'n/a', 2, 3, 4, 'n/a', 3, 3, 1, 3, 2, 'n/a', 2)(3, 'n/a')",2.75,"(2, 'n/a', 'n/a', 2, 2, 3, 'n/a', 2, 3, 2, 3, 4, 'n/a', 1)(3, 'n/a')",2.7,"(2, 'n/a', 'n/a', 2, 2, 3, 'n/a', 2, 3, 1, 3, 2, 'n/a', 1)(3, 'n/a')",2.55,"(2, 'n/a', 'n/a', 2, 2, 3, 'n/a', 2, 3, 2, 3, 2, 'n/a', 1)(3, 'n/a')",2.6,"(1, 'n/a', 'n/a', 1, 1, 1, 'n/a', 1, 1, 1, 1, 1, 'n/a', 1)(1, 'n/a')",1
AA_i5tognfLQdnFrw-biyA,"(4, 'n/a', 'n/a', 4, 3, 4, 'n/a', 3, 4, 3, 4, 3, 'n/a', 3)",3.5,"(3, 'n/a', 'n/a', 4, 3, 4, 'n/a', 4, 4, 3, 4, 4, 'n/a', 5)",3.8,"(3, 'n/a', 'n/a', 4, 4, 4, 'n/a', 4, 4, 4, 4, 3, 'n/a', 5)",3.9,"(3, 'n/a', 'n/a', 4, 3, 4, 'n/a', 4, 4, 3, 4, 3, 'n/a', 4)",3.6,"(1, 'n/a', 'n/a', 1, 1, 1, 'n/a', 1, 1, 1, 1, 1, 'n/a', 1)",1,"(4,)",4.0,"(5,)",5.0,"(4,)",4.0,"(4,)",4.0,"(1,)",1,"(4, 'n/a', 'n/a', 4, 3, 4, 'n/a', 3, 4, 3, 4, 3, 'n/a', 3)(4,)",3.75,"(3, 'n/a', 'n/a', 4, 3, 4, 'n/a', 4, 4, 3, 4, 4, 'n/a', 5)(5,)",4.4,"(3, 'n/a', 'n/a', 4, 4, 4, 'n/a', 4, 4, 4, 4, 3, 'n/a', 5)(4,)",3.95,"(3, 'n/a', 'n/a', 4, 3, 4, 'n/a', 4, 4, 3, 4, 3, 'n/a', 4)(4,)",3.8,"(1, 'n/a', 'n/a', 1, 1, 1, 'n/a', 1, 1, 1, 1, 1, 'n/a', 1)(1,)",1
Eq7Rr9mDCrHzApmN1uG95w,"(3, 'n/a', 'n/a', 2, 3, 4, 4, 'n/a', 4, 4, 3, 2, 'n/a', 4)",3.3,"(3, 'n/a', 'n/a', 2, 3, 4, 4, 'n/a', 4, 3, 3, 4, 'n/a', 3)",3.3,"(3, 'n/a', 'n/a', 2, 2, 4, 4, 'n/a', 4, 4, 4, 1, 'n/a', 3)",3.1,"(3, 'n/a', 'n/a', 2, 3, 4, 4, 'n/a', 4, 3, 3, 2, 'n/a', 3)",3.1,"(1, 'n/a', 'n/a', 1, 1, 1, 1, 'n/a', 1, 1, 1, 1, 'n/a', 1)",1,"(4, 'n/a')",4.0,"(3, 'n/a')",3.0,"(4, 'n/a')",4.0,"(4, 'n/a')",4.0,"(1, 'n/a')",1,"(3, 'n/a', 'n/a', 2, 3, 4, 4, 'n/a', 4, 4, 3, 2, 'n/a', 4)(4, 'n/a')",3.65,"(3, 'n/a', 'n/a', 2, 3, 4, 4, 'n/a', 4, 3, 3, 4, 'n/a', 3)(3, 'n/a')",3.15,"(3, 'n/a', 'n/a', 2, 2, 4, 4, 'n/a', 4, 4, 4, 1, 'n/a', 3)(4, 'n/a')",3.55,"(3, 'n/a', 'n/a', 2, 3, 4, 4, 'n/a', 4, 3, 3, 2, 'n/a', 3)(4, 'n/a')",3.55,"(1, 'n/a', 'n/a', 1, 1, 1, 1, 'n/a', 1, 1, 1, 1, 'n/a', 1)(1, 'n/a')",1
UBsfRv3oF8gEp5REgkiK1g,"(1, 'n/a', 3, 1, 3, 4, 4, 'n/a', 3, 'n/a', 3, 2, 'n/a', 1)",2.5,"(2, 'n/a', 3, 1, 2, 3, 4, 'n/a', 3, 'n/a', 3, 3, 'n/a', 1)",2.5,"(1, 'n/a', 3, 1, 3, 4, 4, 'n/a', 3, 'n/a', 3, 1, 'n/a', 1)",2.4,"(1, 'n/a', 3, 1, 3, 4, 4, 'n/a', 3, 'n/a', 3, 2, 'n/a', 1)",2.5,"(1, 'n/a', 1, 1, 1, 1, 1, 'n/a', 1, 'n/a', 1, 1, 'n/a', 1)",1,"(3, 'n/a')",3.0,"(3, 'n/a')",3.0,"(3, 'n/a')",3.0,"(3, 'n/a')",3.0,"(1, 'n/a')",1,"(1, 'n/a', 3, 1, 3, 4, 4, 'n/a', 3, 'n/a', 3, 2, 'n/a', 1)(3, 'n/a')",2.75,"(2, 'n/a', 3, 1, 2, 3, 4, 'n/a', 3, 'n/a', 3, 3, 'n/a', 1)(3, 'n/a')",2.75,"(1, 'n/a', 3, 1, 3, 4, 4, 'n/a', 3, 'n/a', 3, 1, 'n/a', 1)(3, 'n/a')",2.7,"(1, 'n/a', 3, 1, 3, 4, 4, 'n/a', 3, 'n/a', 3, 2, 'n/a', 1)(3, 'n/a')",2.75,"(1, 'n/a', 1, 1, 1, 1, 1, 'n/a', 1, 'n/a', 1, 1, 'n/a', 1)(1, 'n/a')",1
_GSQUHlTcdgc2y18ktqYVA,"(2, 'n/a', 'n/a', 'n/a', 4, 4, 5, 3, 3, 'n/a', 3, 3, 4, 5)",3.6,"(2, 'n/a', 'n/a', 'n/a', 2, 4, 5, 2, 2, 'n/a', 2, 3, 4, 4)",3.0,"(2, 'n/a', 'n/a', 'n/a', 4, 3, 5, 3, 2, 'n/a', 2, 2, 3, 5)",3.1,"(2, 'n/a', 'n/a', 'n/a', 4, 4, 5, 3, 2, 'n/a', 2, 3, 4, 5)",3.4,"(1, 'n/a', 'n/a', 'n/a', 1, 1, 1, 1, 1, 'n/a', 1, 1, 1, 1)",1,"(4, 'n/a')",4.0,"(3, 'n/a')",3.0,"(2, 'n/a')",2.0,"(3, 'n/a')",3.0,"(1, 'n/a')",1,"(2, 'n/a', 'n/a', 'n/a', 4, 4, 5, 3, 3, 'n/a', 3, 3, 4, 5)(4, 'n/a')",3.8,"(2, 'n/a', 'n/a', 'n/a', 2, 4, 5, 2, 2, 'n/a', 2, 3, 4, 4)(3, 'n/a')",3.0,"(2, 'n/a', 'n/a', 'n/a', 4, 3, 5, 3, 2, 'n/a', 2, 2, 3, 5)(2, 'n/a')",2.55,"(2, 'n/a', 'n/a', 'n/a', 4, 4, 5, 3, 2, 'n/a', 2, 3, 4, 5)(3, 'n/a')",3.2,"(1, 'n/a', 'n/a', 'n/a', 1, 1, 1, 1, 1, 'n/a', 1, 1, 1, 1)(1, 'n/a')",1
9047gRB60ylCWQXSu0Sx_g,"(3, 'n/a', 'n/a', 3, 4, 4, 5, 4, 4, 'n/a', 4, 4, 'n/a', 4)",3.9,"(3, 'n/a', 'n/a', 3, 3, 4, 5, 5, 4, 'n/a', 4, 5, 'n/a', 4)",4.0,"(3, 'n/a', 'n/a', 3, 3, 4, 5, 4, 4, 'n/a', 4, 4, 'n/a', 3)",3.7,"(3, 'n/a', 'n/a', 3, 3, 4, 5, 4, 4, 'n/a', 4, 4, 'n/a', 4)",3.8,"(1, 'n/a', 'n/a', 1, 1, 1, 1, 1, 1, 'n/a', 1, 1, 'n/a', 1)",1,"(4, 'n/a')",4.0,"(4, 'n/a')",4.0,"(4, 'n/a')",4.0,"(4, 'n/a')",4.0,"(1, 'n/a')",1,"(3, 'n/a', 'n/a', 3, 4, 4, 5, 4, 4, 'n/a', 4, 4, 'n/a', 4)(4, 'n/a')",3.95,"(3, 'n/a', 'n/a', 3, 3, 4, 5, 5, 4, 'n/a', 4, 5, 'n/a', 4)(4, 'n/a')",4.0,"(3, 'n/a', 'n/a', 3, 3, 4, 5, 4, 4, 'n/a', 4, 4, 'n/a', 3)(4, 'n/a')",3.85,"(3, 'n/a', 'n/a', 3, 3, 4, 5, 4, 4, 'n/a', 4, 4, 'n/a', 4)(4, 'n/a')",3.9,"(1, 'n/a', 'n/a', 1, 1, 1, 1, 1, 1, 'n/a', 1, 1, 'n/a', 1)(1, 'n/a')",1
0lRFqin8fW8nIQrCRcA-4A,"(3, 'n/a', 'n/a', 1, 2, 4, 'n/a', 3, 3, 2, 1, 2, 'n/a', 3)",2.4,"(2, 'n/a', 'n/a', 1, 1, 4, 'n/a', 2, 3, 3, 1, 3, 'n/a', 3)",2.3,"(2, 'n/a', 'n/a', 1, 2, 4, 'n/a', 2, 3, 2, 1, 1, 'n/a', 3)",2.1,"(2, 'n/a', 'n/a', 1, 1, 4, 'n/a', 2, 3, 2, 1, 2, 'n/a', 3)",2.1,"(1, 'n/a', 'n/a', 1, 1, 1, 'n/a', 1, 1, 1, 1, 1, 'n/a', 1)",1,"(3, 4)",3.5,"(4, 4)",4.0,"(2, 4)",3.0,"(3, 4)",3.5,"(1, 1)",1,"(3, 'n/a', 'n/a', 1, 2, 4, 'n/a', 3, 3, 2, 1, 2, 'n/a', 3)(3, 4)",2.95,"(2, 'n/a', 'n/a', 1, 1, 4, 'n/a', 2, 3, 3, 1, 3, 'n/a', 3)(4, 4)",3.15,"(2, 'n/a', 'n/a', 1, 2, 4, 'n/a', 2, 3, 2, 1, 1, 'n/a', 3)(2, 4)",2.55,"(2, 'n/a', 'n/a', 1, 1, 4, 'n/a', 2, 3, 2, 1, 2, 'n/a', 3)(3, 4)",2.8,"(1, 'n/a', 'n/a', 1, 1, 1, 'n/a', 1, 1, 1, 1, 1, 'n/a', 1)(1, 1)",1
kBmyVamprDY6Q8wv9mrAuw,"(1, 'n/a', 'n/a', 3, 3, 4, 'n/a', 'n/a', 4, 3, 1, '#', 3, 2)",2.6666666666666665,"(2, 'n/a', 'n/a', 3, 1, 3, 'n/a', 'n/a', 4, 3, 1, '#', 3, 1)",2.3333333333333335,"(2, 'n/a', 'n/a', 3, 2, 4, 'n/a', 'n/a', 4, 3, 1, '#', 3, 2)",2.6666666666666665,"(2, 'n/a', 'n/a', 3, 2, 4, 'n/a', 'n/a', 4, 3, 1, '#', 3, 2)",2.6666666666666665,"(1, 'n/a', 'n/a', 1, 1, 1, 'n/a', 'n/a', 1, 1, 1, 1, 1, 1)",1,"(2, 3)",2.5,"(2, 4)",3.0,"(2, 4)",3.0,"(2, 4)",3.0,"(1, 1)",1,"(1, 'n/a', 'n/a', 3, 3, 4, 'n/a', 'n/a', 4, 3, 1, '#', 3, 2)(2, 3)",2.583333333333333,"(2, 'n/a', 'n/a', 3, 1, 3, 'n/a', 'n/a', 4, 3, 1, '#', 3, 1)(2, 4)",2.666666666666667,"(2, 'n/a', 'n/a', 3, 2, 4, 'n/a', 'n/a', 4, 3, 1, '#', 3, 2)(2, 4)",2.833333333333333,"(2, 'n/a', 'n/a', 3, 2, 4, 'n/a', 'n/a', 4, 3, 1, '#', 3, 2)(2, 4)",2.833333333333333,"(1, 'n/a', 'n/a', 1, 1, 1, 'n/a', 'n/a', 1, 1, 1, 1, 1, 1)(1, 1)",1
o9926QJPaB1YzACZN9e3DA,"(2, 'n/a', 2, 2, 2, 4, 4, 'n/a', 3, 'n/a', 2, 3, 'n/a', 4)",2.8,"(2, 'n/a', 2, 2, 1, 3, 4, 'n/a', 3, 'n/a', 2, 5, 'n/a', 5)",2.9,"(4, 'n/a', 2, 2, 4, 4, 4, 'n/a', 3, 'n/a', 2, 3, 'n/a', 4)",3.2,"(3, 'n/a', 2, 2, 3, 4, 4, 'n/a', 3, 'n/a', 2, 3, 'n/a', 4)",3.0,"(1, 'n/a', 1, 1, 1, 1, 1, 'n/a', 1, 'n/a', 1, 1, 'n/a', 1)",1,"(3, 'n/a')",3.0,"(2, 'n/a')",2.0,"(2, 'n/a')",2.0,"(2, 'n/a')",2.0,"(1, 'n/a')",1,"(2, 'n/a', 2, 2, 2, 4, 4, 'n/a', 3, 'n/a', 2, 3, 'n/a', 4)(3, 'n/a')",2.9,"(2, 'n/a', 2, 2, 1, 3, 4, 'n/a', 3, 'n/a', 2, 5, 'n/a', 5)(2, 'n/a')",2.45,"(4, 'n/a', 2, 2, 4, 4, 4, 'n/a', 3, 'n/a', 2, 3, 'n/a', 4)(2, 'n/a')",2.6,"(3, 'n/a', 2, 2, 3, 4, 4, 'n/a', 3, 'n/a', 2, 3, 'n/a', 4)(2, 'n/a')",2.5,"(1, 'n/a', 1, 1, 1, 1, 1, 'n/a', 1, 'n/a', 1, 1, 'n/a', 1)(1, 'n/a')",1
u8FOkdr6PaR2WpVK23nd2Q,"(2, 'n/a', 'n/a', 3, 4, 4, 'n/a', 3, 4, 3, 2, 2, 'n/a', 2)",2.9,"(2, 'n/a', 'n/a', 3, 3, 4, 'n/a', 3, 4, 3, 2, 2, 'n/a', 3)",2.9,"(1, 'n/a', 'n/a', 3, 4, 4, 'n/a', 3, 4, 3, 2, 1, 'n/a', 2)",2.7,"(2, 'n/a', 'n/a', 3, 4, 4, 'n/a', 3, 4, 2, 2, 2, 'n/a', 2)",2.8,"(1, 'n/a', 'n/a', 1, 1, 1, 'n/a', 1, 1, 1, 1, 1, 'n/a', 1)",1,"(4,)",4.0,"(4,)",4.0,"(3,)",3.0,"(4,)",4.0,"(1,)",1,"(2, 'n/a', 'n/a', 3, 4, 4, 'n/a', 3, 4, 3, 2, 2, 'n/a', 2)(4,)",3.45,"(2, 'n/a', 'n/a', 3, 3, 4, 'n/a', 3, 4, 3, 2, 2, 'n/a', 3)(4,)",3.45,"(1, 'n/a', 'n/a', 3, 4, 4, 'n/a', 3, 4, 3, 2, 1, 'n/a', 2)(3,)",2.85,"(2, 'n/a', 'n/a', 3, 4, 4, 'n/a', 3, 4, 2, 2, 2, 'n/a', 2)(4,)",3.4,"(1, 'n/a', 'n/a', 1, 1, 1, 'n/a', 1, 1, 1, 1, 1, 'n/a', 1)(1,)",1
E_ATqAJtTJ2w-AVGMuJFRg,"(2, 'n/a', 'n/a', 2, 3, 4, 5, 'n/a', 4, 3, 3, 3, 'n/a', 5)",3.4,"(2, 'n/a', 'n/a', 2, 4, 4, 5, 'n/a', 4, 3, 3, 4, 'n/a', 4)",3.5,"(2, 'n/a', 'n/a', 2, 4, 4, 5, 'n/a', 4, 2, 3, 1, 'n/a', 5)",3.2,"(2, 'n/a', 'n/a', 2, 4, 4, 5, 'n/a', 4, 3, 3, 2, 'n/a', 5)",3.4,"(1, 'n/a', 'n/a', 1, 1, 1, 1, 'n/a', 1, 1, 1, 1, 'n/a', 1)",1,"(3, 'n/a')",3.0,"(5, 'n/a')",5.0,"(3, 'n/a')",3.0,"(3, 'n/a')",3.0,"(1, 'n/a')",1,"(2, 'n/a', 'n/a', 2, 3, 4, 5, 'n/a', 4, 3, 3, 3, 'n/a', 5)(3, 'n/a')",3.2,"(2, 'n/a', 'n/a', 2, 4, 4, 5, 'n/a', 4, 3, 3, 4, 'n/a', 4)(5, 'n/a')",4.25,"(2, 'n/a', 'n/a', 2, 4, 4, 5, 'n/a', 4, 2, 3, 1, 'n/a', 5)(3, 'n/a')",3.1,"(2, 'n/a', 'n/a', 2, 4, 4, 5, 'n/a', 4, 3, 3, 2, 'n/a', 5)(3, 'n/a')",3.2,"(1, 'n/a', 'n/a', 1, 1, 1, 1, 'n/a', 1, 1, 1, 1, 'n/a', 1)(1, 'n/a')",1
HdATXxdRpTV2OGtye1E28w,"(2, 'n/a', 3, 'n/a', 3, 4, 4, 3, 4, 'n/a', 1, 5, 'n/a', 3)",3.2,"(3, 'n/a', 3, 'n/a', 4, 4, 5, 2, 4, 'n/a', 1, 5, 'n/a', 2)",3.3,"(2, 'n/a', 3, 'n/a', 4, 4, 5, 2, 4, 'n/a', 1, 5, 'n/a', 1)",3.1,"(2, 'n/a', 3, 'n/a', 4, 4, 5, 2, 4, 'n/a', 1, 5, 'n/a', 2)",3.2,"(1, 'n/a', 1, 'n/a', 1, 1, 1, 1, 1, 'n/a', 1, 1, 'n/a', 1)",1,"(3, 'n/a')",3.0,"(3, 'n/a')",3.0,"(2, 'n/a')",2.0,"(3, 'n/a')",3.0,"(1, 'n/a')",1,"(2, 'n/a', 3, 'n/a', 3, 4, 4, 3, 4, 'n/a', 1, 5, 'n/a', 3)(3, 'n/a')",3.1,"(3, 'n/a', 3, 'n/a', 4, 4, 5, 2, 4, 'n/a', 1, 5, 'n/a', 2)(3, 'n/a')",3.15,"(2, 'n/a', 3, 'n/a', 4, 4, 5, 2, 4, 'n/a', 1, 5, 'n/a', 1)(2, 'n/a')",2.55,"(2, 'n/a', 3, 'n/a', 4, 4, 5, 2, 4, 'n/a', 1, 5, 'n/a', 2)(3, 'n/a')",3.1,"(1, 'n/a', 1, 'n/a', 1, 1, 1, 1, 1, 'n/a', 1, 1, 'n/a', 1)(1, 'n/a')",1
YFGWp0JVzAUdJKyzkX5qig,"(3, 'n/a', 'n/a', 3, 2, 4, 5, 3, 4, 'n/a', 2, 3, 'n/a', 4)",3.3,"(2, 'n/a', 'n/a', 3, 1, 4, 5, 2, 5, 'n/a', 2, 3, 'n/a', 5)",3.2,"(4, 'n/a', 'n/a', 3, 1, 3, 5, 2, 5, 'n/a', 2, 2, 'n/a', 3)",3.0,"(3, 'n/a', 'n/a', 3, 1, 4, 5, 2, 5, 'n/a', 2, 3, 'n/a', 4)",3.2,"(1, 'n/a', 'n/a', 1, 1, 1, 1, 1, 1, 'n/a', 1, 1, 'n/a', 1)",1,"(3,)",3.0,"(3,)",3.0,"(3,)",3.0,"(3,)",3.0,"(1,)",1,"(3, 'n/a', 'n/a', 3, 2, 4, 5, 3, 4, 'n/a', 2, 3, 'n/a', 4)(3,)",3.15,"(2, 'n/a', 'n/a', 3, 1, 4, 5, 2, 5, 'n/a', 2, 3, 'n/a', 5)(3,)",3.1,"(4, 'n/a', 'n/a', 3, 1, 3, 5, 2, 5, 'n/a', 2, 2, 'n/a', 3)(3,)",3.0,"(3, 'n/a', 'n/a', 3, 1, 4, 5, 2, 5, 'n/a', 2, 3, 'n/a', 4)(3,)",3.1,"(1, 'n/a', 'n/a', 1, 1, 1, 1, 1, 1, 'n/a', 1, 1, 'n/a', 1)(1,)",1
lXMQOg9Bf2RoAm4bJlQf_Q,"(5, 'n/a', 'n/a', 3, 4, 4, 'n/a', 'n/a', 4, 3, 4, 4, 4, 5)",4.0,"(5, 'n/a', 'n/a', 3, 4, 4, 'n/a', 'n/a', 4, 4, 4, 5, 4, 5)",4.2,"(4, 'n/a', 'n/a', 3, 5, 4, 'n/a', 'n/a', 4, 4, 4, 4, 4, 4)",4.0,"(5, 'n/a', 'n/a', 3, 4, 4, 'n/a', 'n/a', 4, 3, 4, 4, 4, 5)",4.0,"(1, 'n/a', 'n/a', 1, 1, 1, 'n/a', 'n/a', 1, 1, 1, 1, 1, 1)",1,"(4, 5)",4.5,"(4, 5)",4.5,"(3, 5)",4.0,"(4, 5)",4.5,"(1, 1)",1,"(5, 'n/a', 'n/a', 3, 4, 4, 'n/a', 'n/a', 4, 3, 4, 4, 4, 5)(4, 5)",4.25,"(5, 'n/a', 'n/a', 3, 4, 4, 'n/a', 'n/a', 4, 4, 4, 5, 4, 5)(4, 5)",4.35,"(4, 'n/a', 'n/a', 3, 5, 4, 'n/a', 'n/a', 4, 4, 4, 4, 4, 4)(3, 5)",4.0,"(5, 'n/a', 'n/a', 3, 4, 4, 'n/a', 'n/a', 4, 3, 4, 4, 4, 5)(4, 5)",4.25,"(1, 'n/a', 'n/a', 1, 1, 1, 'n/a', 'n/a', 1, 1, 1, 1, 1, 1)(1, 1)",1
YEPrkMogtK5mlrhMoLqlxQ,"(4, 'n/a', 'n/a', 'n/a', 4, 4, 4, 3, 4, 'n/a', 5, 3, 4, 5)",4.0,"(4, 'n/a', 'n/a', 'n/a', 3, 4, 4, 4, 4, 'n/a', 5, 4, 4, 5)",4.1,"(4, 'n/a', 'n/a', 'n/a', 4, 4, 4, 4, 4, 'n/a', 5, 4, 4, 5)",4.2,"(4, 'n/a', 'n/a', 'n/a', 4, 4, 4, 4, 4, 'n/a', 5, 4, 4, 5)",4.2,"(1, 'n/a', 'n/a', 'n/a', 1, 1, 1, 1, 1, 'n/a', 1, 1, 1, 1)",1,"(4, 'n/a')",4.0,"(4, 'n/a')",4.0,"(3, 'n/a')",3.0,"(4, 'n/a')",4.0,"(1, 'n/a')",1,"(4, 'n/a', 'n/a', 'n/a', 4, 4, 4, 3, 4, 'n/a', 5, 3, 4, 5)(4, 'n/a')",4.0,"(4, 'n/a', 'n/a', 'n/a', 3, 4, 4, 4, 4, 'n/a', 5, 4, 4, 5)(4, 'n/a')",4.05,"(4, 'n/a', 'n/a', 'n/a', 4, 4, 4, 4, 4, 'n/a', 5, 4, 4, 5)(3, 'n/a')",3.6,"(4, 'n/a', 'n/a', 'n/a', 4, 4, 4, 4, 4, 'n/a', 5, 4, 4, 5)(4, 'n/a')",4.1,"(1, 'n/a', 'n/a', 'n/a', 1, 1, 1, 1, 1, 'n/a', 1, 1, 1, 1)(1, 'n/a')",1
M-xktWtsQ3sxYFF-aKXM2g,"(4, 'n/a', 'n/a', 2, 4, 4, 4, 4, 3, 'n/a', 4, 3, 'n/a', 5)",3.7,"(4, 'n/a', 'n/a', 2, 4, 4, 4, 4, 3, 'n/a', 4, 4, 'n/a', 3)",3.6,"(4, 'n/a', 'n/a', 2, 3, 4, 5, 4, 3, 'n/a', 4, 3, 'n/a', 4)",3.6,"(4, 'n/a', 'n/a', 2, 4, 4, 4, 4, 3, 'n/a', 4, 3, 'n/a', 4)",3.6,"(1, 'n/a', 'n/a', 1, 1, 1, 1, 1, 1, 'n/a', 1, 1, 'n/a', 1)",1,"('n/a', 4)",4.0,"('n/a', 5)",5.0,"('n/a', 5)",5.0,"('n/a', 5)",5.0,"('n/a', 1)",1,"(4, 'n/a', 'n/a', 2, 4, 4, 4, 4, 3, 'n/a', 4, 3, 'n/a', 5)('n/a', 4)",3.85,"(4, 'n/a', 'n/a', 2, 4, 4, 4, 4, 3, 'n/a', 4, 4, 'n/a', 3)('n/a', 5)",4.3,"(4, 'n/a', 'n/a', 2, 3, 4, 5, 4, 3, 'n/a', 4, 3, 'n/a', 4)('n/a', 5)",4.3,"(4, 'n/a', 'n/a', 2, 4, 4, 4, 4, 3, 'n/a', 4, 3, 'n/a', 4)('n/a', 5)",4.3,"(1, 'n/a', 'n/a', 1, 1, 1, 1, 1, 1, 'n/a', 1, 1, 'n/a', 1)('n/a', 1)",1
GXOs5Dixqb5PEl-ztasu3g,"(4, 'n/a', 'n/a', 4, 4, 4, 'n/a', 3, 4, 3, 3, 4, 'n/a', 5)",3.8,"(3, 'n/a', 'n/a', 4, 2, 4, 'n/a', 3, 4, 3, 2, 5, 'n/a', 5)",3.5,"(4, 'n/a', 'n/a', 4, 4, 4, 'n/a', 2, 4, 3, 3, 3, 'n/a', 5)",3.6,"(4, 'n/a', 'n/a', 4, 3, 4, 'n/a', 3, 4, 3, 3, 4, 'n/a', 5)",3.7,"(1, 'n/a', 'n/a', 1, 1, 1, 'n/a', 1, 1, 1, 1, 1, 'n/a', 1)",1,"(3,)",3.0,"(4,)",4.0,"(3,)",3.0,"(3,)",3.0,"(1,)",1,"(4, 'n/a', 'n/a', 4, 4, 4, 'n/a', 3, 4, 3, 3, 4, 'n/a', 5)(3,)",3.4,"(3, 'n/a', 'n/a', 4, 2, 4, 'n/a', 3, 4, 3, 2, 5, 'n/a', 5)(4,)",3.75,"(4, 'n/a', 'n/a', 4, 4, 4, 'n/a', 2, 4, 3, 3, 3, 'n/a', 5)(3,)",3.3,"(4, 'n/a', 'n/a', 4, 3, 4, 'n/a', 3, 4, 3, 3, 4, 'n/a', 5)(3,)",3.35,"(1, 'n/a', 'n/a', 1, 1, 1, 'n/a', 1, 1, 1, 1, 1, 'n/a', 1)(1,)",1
meXQ-TOIdFujVBByBsI2pg,"(3, 'n/a', 'n/a', 2, 1, 4, 'n/a', 3, 4, 2, 1, 1, 'n/a', 5)",2.6,"(3, 'n/a', 'n/a', 2, 2, 3, 'n/a', 3, 4, 2, 1, 3, 'n/a', 5)",2.8,"(2, 'n/a', 'n/a', 2, 2, 4, 'n/a', 2, 4, 2, 1, 1, 'n/a', 5)",2.5,"(3, 'n/a', 'n/a', 2, 2, 4, 'n/a', 3, 4, 2, 1, 2, 'n/a', 5)",2.8,"(1, 'n/a', 'n/a', 1, 1, 1, 'n/a', 1, 1, 1, 1, 1, 'n/a', 1)",1,"(3, 'n/a')",3.0,"(3, 'n/a')",3.0,"(2, 'n/a')",2.0,"(3, 'n/a')",3.0,"(1, 'n/a')",1,"(3, 'n/a', 'n/a', 2, 1, 4, 'n/a', 3, 4, 2, 1, 1, 'n/a', 5)(3, 'n/a')",2.8,"(3, 'n/a', 'n/a', 2, 2, 3, 'n/a', 3, 4, 2, 1, 3, 'n/a', 5)(3, 'n/a')",2.9,"(2, 'n/a', 'n/a', 2, 2, 4, 'n/a', 2, 4, 2, 1, 1, 'n/a', 5)(2, 'n/a')",2.25,"(3, 'n/a', 'n/a', 2, 2, 4, 'n/a', 3, 4, 2, 1, 2, 'n/a', 5)(3, 'n/a')",2.9,"(1, 'n/a', 'n/a', 1, 1, 1, 'n/a', 1, 1, 1, 1, 1, 'n/a', 1)(1, 'n/a')",1
8VQBPdsnUe8QN29vQDeXDw,"(4, 'n/a', 'n/a', 2, 4, 4, 'n/a', 3, 4, 3, 3, 4, 'n/a', 4)",3.5,"(3, 'n/a', 'n/a', 2, 2, 3, 'n/a', 3, 3, 3, 3, 4, 'n/a', 2)",2.8,"(3, 'n/a', 'n/a', 2, 4, 4, 'n/a', 2, 4, 2, 3, 3, 'n/a', 2)",2.9,"(3, 'n/a', 'n/a', 2, 3, 4, 'n/a', 3, 4, 2, 3, 4, 'n/a', 2)",3.0,"(1, 'n/a', 'n/a', 1, 1, 1, 'n/a', 1, 1, 1, 1, 1, 'n/a', 1)",1,"(4, 'n/a')",4.0,"(4, 'n/a')",4.0,"(4, 'n/a')",4.0,"(4, 'n/a')",4.0,"(1, 'n/a')",1,"(4, 'n/a', 'n/a', 2, 4, 4, 'n/a', 3, 4, 3, 3, 4, 'n/a', 4)(4, 'n/a')",3.75,"(3, 'n/a', 'n/a', 2, 2, 3, 'n/a', 3, 3, 3, 3, 4, 'n/a', 2)(4, 'n/a')",3.4,"(3, 'n/a', 'n/a', 2, 4, 4, 'n/a', 2, 4, 2, 3, 3, 'n/a', 2)(4, 'n/a')",3.45,"(3, 'n/a', 'n/a', 2, 3, 4, 'n/a', 3, 4, 2, 3, 4, 'n/a', 2)(4, 'n/a')",3.5,"(1, 'n/a', 'n/a', 1, 1, 1, 'n/a', 1, 1, 1, 1, 1, 'n/a', 1)(1, 'n/a')",1
xZcWSip4iXHbB07A351tAQ,"(3, 'n/a', 'n/a', 2, 3, 4, 'n/a', 'n/a', 4, 4, 4, 3, 4, 4)",3.5,"(2, 'n/a', 'n/a', 2, 2, 4, 'n/a', 'n/a', 4, 4, 4, 4, 4, 4)",3.4,"(2, 'n/a', 'n/a', 2, 2, 4, 'n/a', 'n/a', 4, 3, 4, 2, 4, 3)",3.0,"(2, 'n/a', 'n/a', 2, 2, 4, 'n/a', 'n/a', 4, 3, 4, 3, 4, 4)",3.2,"(1, 'n/a', 'n/a', 1, 1, 1, 'n/a', 'n/a', 1, 1, 1, 1, 1, 1)",1,"(4,)",4.0,"(4,)",4.0,"(4,)",4.0,"(4,)",4.0,"(1,)",1,"(3, 'n/a', 'n/a', 2, 3, 4, 'n/a', 'n/a', 4, 4, 4, 3, 4, 4)(4,)",3.75,"(2, 'n/a', 'n/a', 2, 2, 4, 'n/a', 'n/a', 4, 4, 4, 4, 4, 4)(4,)",3.7,"(2, 'n/a', 'n/a', 2, 2, 4, 'n/a', 'n/a', 4, 3, 4, 2, 4, 3)(4,)",3.5,"(2, 'n/a', 'n/a', 2, 2, 4, 'n/a', 'n/a', 4, 3, 4, 3, 4, 4)(4,)",3.6,"(1, 'n/a', 'n/a', 1, 1, 1, 'n/a', 'n/a', 1, 1, 1, 1, 1, 1)(1,)",1
QeSOHkD3ZZHbXNIqVlb-aw,"(5, 'n/a', 'n/a', 'n/a', 4, 4, 'n/a', 4, 4, 4, 5, 4, 5, 5)",4.4,"(4, 'n/a', 'n/a', 'n/a', 4, 4, 'n/a', 4, 4, 3, 5, 5, 5, 5)",4.3,"(4, 'n/a', 'n/a', 'n/a', 3, 4, 'n/a', 4, 4, 4, 5, 4, 4, 5)",4.1,"(4, 'n/a', 'n/a', 'n/a', 4, 4, 'n/a', 4, 4, 3, 5, 4, 5, 5)",4.2,"(1, 'n/a', 'n/a', 'n/a', 1, 1, 'n/a', 1, 1, 1, 1, 1, 1, 1)",1,"(4, 'n/a')",4.0,"(5, 'n/a')",5.0,"(5, 'n/a')",5.0,"(5, 'n/a')",5.0,"(1, 'n/a')",1,"(5, 'n/a', 'n/a', 'n/a', 4, 4, 'n/a', 4, 4, 4, 5, 4, 5, 5)(4, 'n/a')",4.2,"(4, 'n/a', 'n/a', 'n/a', 4, 4, 'n/a', 4, 4, 3, 5, 5, 5, 5)(5, 'n/a')",4.65,"(4, 'n/a', 'n/a', 'n/a', 3, 4, 'n/a', 4, 4, 4, 5, 4, 4, 5)(5, 'n/a')",4.55,"(4, 'n/a', 'n/a', 'n/a', 4, 4, 'n/a', 4, 4, 3, 5, 4, 5, 5)(5, 'n/a')",4.6,"(1, 'n/a', 'n/a', 'n/a', 1, 1, 'n/a', 1, 1, 1, 1, 1, 1, 1)(1, 'n/a')",1
dLOKV3smrU2A8bnxsRoX_w,"(4, 'n/a', 'n/a', 3, 3, 4, 'n/a', 3, 4, 3, 4, 3, 'n/a', 5)",3.6,"(4, 'n/a', 'n/a', 3, 2, 4, 'n/a', 3, 4, 2, 4, 5, 'n/a', 5)",3.6,"(4, 'n/a', 'n/a', 3, 3, 4, 'n/a', 2, 4, 3, 4, 4, 'n/a', 4)",3.5,"(4, 'n/a', 'n/a', 3, 3, 4, 'n/a', 3, 4, 3, 4, 4, 'n/a', 5)",3.7,"(1, 'n/a', 'n/a', 1, 1, 1, 'n/a', 1, 1, 1, 1, 1, 'n/a', 1)",1,"(4,)",4.0,"(4,)",4.0,"(3,)",3.0,"(4,)",4.0,"(1,)",1,"(4, 'n/a', 'n/a', 3, 3, 4, 'n/a', 3, 4, 3, 4, 3, 'n/a', 5)(4,)",3.8,"(4, 'n/a', 'n/a', 3, 2, 4, 'n/a', 3, 4, 2, 4, 5, 'n/a', 5)(4,)",3.8,"(4, 'n/a', 'n/a', 3, 3, 4, 'n/a', 2, 4, 3, 4, 4, 'n/a', 4)(3,)",3.25,"(4, 'n/a', 'n/a', 3, 3, 4, 'n/a', 3, 4, 3, 4, 4, 'n/a', 5)(4,)",3.85,"(1, 'n/a', 'n/a', 1, 1, 1, 'n/a', 1, 1, 1, 1, 1, 'n/a', 1)(1,)",1
zLthRYcijrAuawmxdx7Nuw,"(4, 'n/a', 'n/a', 2, 2, 3, 4, 3, 3, 'n/a', 2, 3, 'n/a', 5)",3.1,"(4, 'n/a', 'n/a', 2, 1, 2, 4, 2, 4, 'n/a', 2, 3, 'n/a', 5)",2.9,"(3, 'n/a', 'n/a', 2, 3, 3, 4, 2, 4, 'n/a', 2, 3, 'n/a', 4)",3.0,"(4, 'n/a', 'n/a', 2, 2, 3, 4, 2, 4, 'n/a', 2, 3, 'n/a', 5)",3.1,"(1, 'n/a', 'n/a', 1, 1, 1, 1, 1, 1, 'n/a', 1, 1, 'n/a', 1)",1,"(4, 'n/a')",4.0,"(4, 'n/a')",4.0,"(3, 'n/a')",3.0,"(4, 'n/a')",4.0,"(1, 'n/a')",1,"(4, 'n/a', 'n/a', 2, 2, 3, 4, 3, 3, 'n/a', 2, 3, 'n/a', 5)(4, 'n/a')",3.55,"(4, 'n/a', 'n/a', 2, 1, 2, 4, 2, 4, 'n/a', 2, 3, 'n/a', 5)(4, 'n/a')",3.45,"(3, 'n/a', 'n/a', 2, 3, 3, 4, 2, 4, 'n/a', 2, 3, 'n/a', 4)(3, 'n/a')",3.0,"(4, 'n/a', 'n/a', 2, 2, 3, 4, 2, 4, 'n/a', 2, 3, 'n/a', 5)(4, 'n/a')",3.55,"(1, 'n/a', 'n/a', 1, 1, 1, 1, 1, 1, 'n/a', 1, 1, 'n/a', 1)(1, 'n/a')",1
mgleyEF3ViyMMpYMUM9luw,"(4, 'n/a', 4, 'n/a', 4, 4, 5, 4, 4, 'n/a', 4, 3, 'n/a', 4)",4.0,"(3, 'n/a', 4, 'n/a', 4, 3, 5, 5, 4, 'n/a', 4, 4, 'n/a', 4)",4.0,"(3, 'n/a', 4, 'n/a', 4, 4, 5, 4, 4, 'n/a', 4, 3, 'n/a', 4)",3.9,"(3, 'n/a', 4, 'n/a', 4, 4, 5, 4, 4, 'n/a', 4, 3, 'n/a', 4)",3.9,"(1, 'n/a', 1, 'n/a', 1, 1, 1, 1, 1, 'n/a', 1, 1, 'n/a', 1)",1,"(4,)",4.0,"(4,)",4.0,"(4,)",4.0,"(4,)",4.0,"(1,)",1,"(4, 'n/a', 4, 'n/a', 4, 4, 5, 4, 4, 'n/a', 4, 3, 'n/a', 4)(4,)",4.0,"(3, 'n/a', 4, 'n/a', 4, 3, 5, 5, 4, 'n/a', 4, 4, 'n/a', 4)(4,)",4.0,"(3, 'n/a', 4, 'n/a', 4, 4, 5, 4, 4, 'n/a', 4, 3, 'n/a', 4)(4,)",3.95,"(3, 'n/a', 4, 'n/a', 4, 4, 5, 4, 4, 'n/a', 4, 3, 'n/a', 4)(4,)",3.95,"(1, 'n/a', 1, 'n/a', 1, 1, 1, 1, 1, 'n/a', 1, 1, 'n/a', 1)(1,)",1
mgIF7u3kIKs3IRd1jjNeMg,"(4, 'n/a', 'n/a', 3, 4, 4, 'n/a', 3, 4, 3, 3, 2, 'n/a', 3)",3.3,"(4, 'n/a', 'n/a', 3, 3, 4, 'n/a', 2, 5, 4, 3, 3, 'n/a', 3)",3.4,"(5, 'n/a', 'n/a', 3, 4, 4, 'n/a', 2, 5, 4, 3, 1, 'n/a', 3)",3.4,"(4, 'n/a', 'n/a', 3, 4, 4, 'n/a', 2, 5, 3, 3, 2, 'n/a', 3)",3.3,"(1, 'n/a', 'n/a', 1, 1, 1, 'n/a', 1, 1, 1, 1, 1, 'n/a', 1)",1,"(4, 'n/a')",4.0,"(4, 'n/a')",4.0,"(4, 'n/a')",4.0,"(4, 'n/a')",4.0,"(1, 'n/a')",1,"(4, 'n/a', 'n/a', 3, 4, 4, 'n/a', 3, 4, 3, 3, 2, 'n/a', 3)(4, 'n/a')",3.65,"(4, 'n/a', 'n/a', 3, 3, 4, 'n/a', 2, 5, 4, 3, 3, 'n/a', 3)(4, 'n/a')",3.7,"(5, 'n/a', 'n/a', 3, 4, 4, 'n/a', 2, 5, 4, 3, 1, 'n/a', 3)(4, 'n/a')",3.7,"(4, 'n/a', 'n/a', 3, 4, 4, 'n/a', 2, 5, 3, 3, 2, 'n/a', 3)(4, 'n/a')",3.65,"(1, 'n/a', 'n/a', 1, 1, 1, 'n/a', 1, 1, 1, 1, 1, 'n/a', 1)(1, 'n/a')",1
pn_QmDx2eXnAqS7vLjchXg,"(4, 'n/a', 4, 2, 4, 4, 4, 'n/a', 4, 'n/a', 4, 2, 'n/a', 5)",3.7,"(2, 'n/a', 4, 2, 3, 4, 5, 'n/a', 4, 'n/a', 3, 3, 'n/a', 5)",3.5,"(3, 'n/a', 4, 2, 3, 4, 4, 'n/a', 4, 'n/a', 4, 3, 'n/a', 5)",3.6,"(3, 'n/a', 4, 2, 3, 4, 4, 'n/a', 4, 'n/a', 4, 3, 'n/a', 5)",3.6,"(1, 'n/a', 1, 1, 1, 1, 1, 'n/a', 1, 'n/a', 1, 1, 'n/a', 1)",1,"(4, 'n/a')",4.0,"(4, 'n/a')",4.0,"(4, 'n/a')",4.0,"(4, 'n/a')",4.0,"(1, 'n/a')",1,"(4, 'n/a', 4, 2, 4, 4, 4, 'n/a', 4, 'n/a', 4, 2, 'n/a', 5)(4, 'n/a')",3.85,"(2, 'n/a', 4, 2, 3, 4, 5, 'n/a', 4, 'n/a', 3, 3, 'n/a', 5)(4, 'n/a')",3.75,"(3, 'n/a', 4, 2, 3, 4, 4, 'n/a', 4, 'n/a', 4, 3, 'n/a', 5)(4, 'n/a')",3.8,"(3, 'n/a', 4, 2, 3, 4, 4, 'n/a', 4, 'n/a', 4, 3, 'n/a', 5)(4, 'n/a')",3.8,"(1, 'n/a', 1, 1, 1, 1, 1, 'n/a', 1, 'n/a', 1, 1, 'n/a', 1)(1, 'n/a')",1
cJpoS_PYF2KnmPdAl_l6lQ,"(4, 'n/a', 'n/a', 'n/a', 4, 4, 4, 4, 5, 'n/a', 4, 5, 5, 5)",4.4,"(4, 'n/a', 'n/a', 'n/a', 3, 4, 4, 4, 5, 'n/a', 4, 4, 4, 5)",4.1,"(4, 'n/a', 'n/a', 'n/a', 4, 4, 4, 4, 5, 'n/a', 4, 4, 4, 5)",4.2,"(4, 'n/a', 'n/a', 'n/a', 4, 4, 4, 4, 5, 'n/a', 4, 4, 4, 5)",4.2,"(1, 'n/a', 'n/a', 'n/a', 1, 1, 1, 1, 1, 'n/a', 1, 1, 1, 1)",1,"(4, 'n/a')",4.0,"(4, 'n/a')",4.0,"(4, 'n/a')",4.0,"(4, 'n/a')",4.0,"(1, 'n/a')",1,"(4, 'n/a', 'n/a', 'n/a', 4, 4, 4, 4, 5, 'n/a', 4, 5, 5, 5)(4, 'n/a')",4.2,"(4, 'n/a', 'n/a', 'n/a', 3, 4, 4, 4, 5, 'n/a', 4, 4, 4, 5)(4, 'n/a')",4.05,"(4, 'n/a', 'n/a', 'n/a', 4, 4, 4, 4, 5, 'n/a', 4, 4, 4, 5)(4, 'n/a')",4.1,"(4, 'n/a', 'n/a', 'n/a', 4, 4, 4, 4, 5, 'n/a', 4, 4, 4, 5)(4, 'n/a')",4.1,"(1, 'n/a', 'n/a', 'n/a', 1, 1, 1, 1, 1, 'n/a', 1, 1, 1, 1)(1, 'n/a')",1
BhCDTW0jNMxUBeK7bITZHA,"(5, 'n/a', 'n/a', 'n/a', 3, 4, 4, 3, 3, 'n/a', 1, 3, 3, 4)",3.3,"(4, 'n/a', 'n/a', 'n/a', 2, 4, 4, 3, 3, 'n/a', 1, 4, 3, 4)",3.2,"(5, 'n/a', 'n/a', 'n/a', 3, 4, 4, 2, 3, 'n/a', 1, 2, 3, 4)",3.1,"(5, 'n/a', 'n/a', 'n/a', 3, 4, 4, 3, 3, 'n/a', 1, 3, 3, 4)",3.3,"(1, 'n/a', 'n/a', 'n/a', 1, 1, 1, 1, 1, 'n/a', 1, 1, 1, 1)",1,"(4, 'n/a')",4.0,"(4, 'n/a')",4.0,"(4, 'n/a')",4.0,"(4, 'n/a')",4.0,"(1, 'n/a')",1,"(5, 'n/a', 'n/a', 'n/a', 3, 4, 4, 3, 3, 'n/a', 1, 3, 3, 4)(4, 'n/a')",3.65,"(4, 'n/a', 'n/a', 'n/a', 2, 4, 4, 3, 3, 'n/a', 1, 4, 3, 4)(4, 'n/a')",3.6,"(5, 'n/a', 'n/a', 'n/a', 3, 4, 4, 2, 3, 'n/a', 1, 2, 3, 4)(4, 'n/a')",3.55,"(5, 'n/a', 'n/a', 'n/a', 3, 4, 4, 3, 3, 'n/a', 1, 3, 3, 4)(4, 'n/a')",3.65,"(1, 'n/a', 'n/a', 'n/a', 1, 1, 1, 1, 1, 'n/a', 1, 1, 1, 1)(1, 'n/a')",1
QjReHXjdTjpQIH5CGMdy4g,"(4, 'n/a', 'n/a', 4, 3, 4, 'n/a', 4, 5, 4, 4, 3, 'n/a', 5)",4.0,"(4, 'n/a', 'n/a', 3, 2, 4, 'n/a', 4, 5, 4, 4, 4, 'n/a', 5)",3.9,"(4, 'n/a', 'n/a', 3, 3, 4, 'n/a', 4, 5, 4, 4, 4, 'n/a', 5)",4.0,"(4, 'n/a', 'n/a', 3, 3, 4, 'n/a', 4, 5, 4, 4, 4, 'n/a', 5)",4.0,"(1, 'n/a', 'n/a', 1, 1, 1, 'n/a', 1, 1, 1, 1, 1, 'n/a', 1)",1,"(4,)",4.0,"(4,)",4.0,"(4,)",4.0,"(4,)",4.0,"(1,)",1,"(4, 'n/a', 'n/a', 4, 3, 4, 'n/a', 4, 5, 4, 4, 3, 'n/a', 5)(4,)",4.0,"(4, 'n/a', 'n/a', 3, 2, 4, 'n/a', 4, 5, 4, 4, 4, 'n/a', 5)(4,)",3.95,"(4, 'n/a', 'n/a', 3, 3, 4, 'n/a', 4, 5, 4, 4, 4, 'n/a', 5)(4,)",4.0,"(4, 'n/a', 'n/a', 3, 3, 4, 'n/a', 4, 5, 4, 4, 4, 'n/a', 5)(4,)",4.0,"(1, 'n/a', 'n/a', 1, 1, 1, 'n/a', 1, 1, 1, 1, 1, 'n/a', 1)(1,)",1
RxtHnT8DmiILHR2xVic9tw,"(2, 'n/a', 'n/a', 3, 4, 4, 4, 4, 4, 'n/a', 5, 4, 'n/a', 5)",3.9,"(2, 'n/a', 'n/a', 3, 5, 4, 4, 4, 4, 'n/a', 5, 5, 'n/a', 5)",4.1,"(2, 'n/a', 'n/a', 3, 4, 4, 4, 4, 4, 'n/a', 5, 4, 'n/a', 5)",3.9,"(2, 'n/a', 'n/a', 3, 4, 4, 4, 4, 4, 'n/a', 5, 4, 'n/a', 5)",3.9,"(1, 'n/a', 'n/a', 1, 1, 1, 1, 1, 1, 'n/a', 1, 1, 'n/a', 1)",1,"(4, 'n/a')",4.0,"(4, 'n/a')",4.0,"(4, 'n/a')",4.0,"(4, 'n/a')",4.0,"(1, 'n/a')",1,"(2, 'n/a', 'n/a', 3, 4, 4, 4, 4, 4, 'n/a', 5, 4, 'n/a', 5)(4, 'n/a')",3.95,"(2, 'n/a', 'n/a', 3, 5, 4, 4, 4, 4, 'n/a', 5, 5, 'n/a', 5)(4, 'n/a')",4.05,"(2, 'n/a', 'n/a', 3, 4, 4, 4, 4, 4, 'n/a', 5, 4, 'n/a', 5)(4, 'n/a')",3.95,"(2, 'n/a', 'n/a', 3, 4, 4, 4, 4, 4, 'n/a', 5, 4, 'n/a', 5)(4, 'n/a')",3.95,"(1, 'n/a', 'n/a', 1, 1, 1, 1, 1, 1, 'n/a', 1, 1, 'n/a', 1)(1, 'n/a')",1
SePM81wZPh1BUJFPZLZzvQ,"(2, 'n/a', 'n/a', 1, 4, 3, 'n/a', 3, 4, 4, 3, 3, 'n/a', 4)",3.1,"(2, 'n/a', 'n/a', 1, 2, 2, 'n/a', 2, 2, 3, 3, 2, 'n/a', 5)",2.4,"(2, 'n/a', 'n/a', 1, 4, 3, 'n/a', 2, 2, 3, 3, 2, 'n/a', 4)",2.6,"(2, 'n/a', 'n/a', 1, 4, 3, 'n/a', 2, 2, 3, 3, 2, 'n/a', 4)",2.6,"(1, 'n/a', 'n/a', 1, 1, 1, 'n/a', 1, 1, 1, 1, 1, 'n/a', 1)",1,"(3, 'n/a')",3.0,"(4, 'n/a')",4.0,"(3, 'n/a')",3.0,"(3, 'n/a')",3.0,"(1, 'n/a')",1,"(2, 'n/a', 'n/a', 1, 4, 3, 'n/a', 3, 4, 4, 3, 3, 'n/a', 4)(3, 'n/a')",3.05,"(2, 'n/a', 'n/a', 1, 2, 2, 'n/a', 2, 2, 3, 3, 2, 'n/a', 5)(4, 'n/a')",3.2,"(2, 'n/a', 'n/a', 1, 4, 3, 'n/a', 2, 2, 3, 3, 2, 'n/a', 4)(3, 'n/a')",2.8,"(2, 'n/a', 'n/a', 1, 4, 3, 'n/a', 2, 2, 3, 3, 2, 'n/a', 4)(3, 'n/a')",2.8,"(1, 'n/a', 'n/a', 1, 1, 1, 'n/a', 1, 1, 1, 1, 1, 'n/a', 1)(1, 'n/a')",1
a9tq0kJQYT6NpfdkY8n7eQ,"(2, 'n/a', 'n/a', 3, 4, 3, 'n/a', 3, 4, 3, 3, 5, 'n/a', 5)",3.5,"(1, 'n/a', 'n/a', 3, 2, 2, 'n/a', 3, 4, 3, 3, 4, 'n/a', 5)",3.0,"(2, 'n/a', 'n/a', 3, 5, 4, 'n/a', 2, 4, 2, 3, 5, 'n/a', 5)",3.5,"(2, 'n/a', 'n/a', 3, 4, 3, 'n/a', 3, 4, 2, 3, 5, 'n/a', 5)",3.4,"(1, 'n/a', 'n/a', 1, 1, 1, 'n/a', 1, 1, 1, 1, 1, 'n/a', 1)",1,"(4,)",4.0,"(4,)",4.0,"(4,)",4.0,"(4,)",4.0,"(1,)",1,"(2, 'n/a', 'n/a', 3, 4, 3, 'n/a', 3, 4, 3, 3, 5, 'n/a', 5)(4,)",3.75,"(1, 'n/a', 'n/a', 3, 2, 2, 'n/a', 3, 4, 3, 3, 4, 'n/a', 5)(4,)",3.5,"(2, 'n/a', 'n/a', 3, 5, 4, 'n/a', 2, 4, 2, 3, 5, 'n/a', 5)(4,)",3.75,"(2, 'n/a', 'n/a', 3, 4, 3, 'n/a', 3, 4, 2, 3, 5, 'n/a', 5)(4,)",3.7,"(1, 'n/a', 'n/a', 1, 1, 1, 'n/a', 1, 1, 1, 1, 1, 'n/a', 1)(1,)",1
ZBQuKsmgqkpbApHWkZ1fTw,"(3, 'n/a', 'n/a', 2, 4, 3, 'n/a', 3, 4, 2, 2, 2, 'n/a', 2)",2.7,"(2, 'n/a', 'n/a', 2, 3, 4, 'n/a', 2, 4, 3, 2, 3, 'n/a', 3)",2.8,"(2, 'n/a', 'n/a', 2, 4, 3, 'n/a', 2, 4, 2, 2, 3, 'n/a', 1)",2.5,"(2, 'n/a', 'n/a', 2, 4, 3, 'n/a', 2, 4, 2, 2, 3, 'n/a', 2)",2.6,"(1, 'n/a', 'n/a', 1, 1, 1, 'n/a', 1, 1, 1, 1, 1, 'n/a', 1)",1,"(2,)",2.0,"(2,)",2.0,"(2,)",2.0,"(2,)",2.0,"(1,)",1,"(3, 'n/a', 'n/a', 2, 4, 3, 'n/a', 3, 4, 2, 2, 2, 'n/a', 2)(2,)",2.35,"(2, 'n/a', 'n/a', 2, 3, 4, 'n/a', 2, 4, 3, 2, 3, 'n/a', 3)(2,)",2.4,"(2, 'n/a', 'n/a', 2, 4, 3, 'n/a', 2, 4, 2, 2, 3, 'n/a', 1)(2,)",2.25,"(2, 'n/a', 'n/a', 2, 4, 3, 'n/a', 2, 4, 2, 2, 3, 'n/a', 2)(2,)",2.3,"(1, 'n/a', 'n/a', 1, 1, 1, 'n/a', 1, 1, 1, 1, 1, 'n/a', 1)(1,)",1
1yz7wBnTusZAw9VgoLfvLA,"(4, 'n/a', 'n/a', 4, 4, 4, 4, 3, 4, 'n/a', 2, 5, 'n/a', 5)",3.9,"(4, 'n/a', 'n/a', 4, 3, 4, 4, 3, 4, 'n/a', 2, 5, 'n/a', 5)",3.8,"(4, 'n/a', 'n/a', 4, 4, 3, 5, 2, 4, 'n/a', 2, 4, 'n/a', 5)",3.7,"(4, 'n/a', 'n/a', 4, 4, 4, 4, 3, 4, 'n/a', 2, 5, 'n/a', 5)",3.9,"(1, 'n/a', 'n/a', 1, 1, 1, 1, 1, 1, 'n/a', 1, 1, 'n/a', 1)",1,"(4, 'n/a')",4.0,"(4, 'n/a')",4.0,"(4, 'n/a')",4.0,"(4, 'n/a')",4.0,"(1, 'n/a')",1,"(4, 'n/a', 'n/a', 4, 4, 4, 4, 3, 4, 'n/a', 2, 5, 'n/a', 5)(4, 'n/a')",3.95,"(4, 'n/a', 'n/a', 4, 3, 4, 4, 3, 4, 'n/a', 2, 5, 'n/a', 5)(4, 'n/a')",3.9,"(4, 'n/a', 'n/a', 4, 4, 3, 5, 2, 4, 'n/a', 2, 4, 'n/a', 5)(4, 'n/a')",3.85,"(4, 'n/a', 'n/a', 4, 4, 4, 4, 3, 4, 'n/a', 2, 5, 'n/a', 5)(4, 'n/a')",3.95,"(1, 'n/a', 'n/a', 1, 1, 1, 1, 1, 1, 'n/a', 1, 1, 'n/a', 1)(1, 'n/a')",1
zGuJvJ2JjgKQJbuwA0wtfg,"(3, 'n/a', 3, 2, 4, 4, 4, 'n/a', 4, 'n/a', 3, 3, 'n/a', 5)",3.5,"(3, 'n/a', 3, 2, 3, 4, 5, 'n/a', 4, 'n/a', 3, 4, 'n/a', 5)",3.6,"(3, 'n/a', 3, 2, 4, 4, 4, 'n/a', 4, 'n/a', 3, 2, 'n/a', 5)",3.4,"(3, 'n/a', 3, 2, 4, 4, 4, 'n/a', 4, 'n/a', 3, 3, 'n/a', 5)",3.5,"(1, 'n/a', 1, 1, 1, 1, 1, 'n/a', 1, 'n/a', 1, 1, 'n/a', 1)",1,"(4, 'n/a')",4.0,"(4, 'n/a')",4.0,"(3, 'n/a')",3.0,"(4, 'n/a')",4.0,"(1, 'n/a')",1,"(3, 'n/a', 3, 2, 4, 4, 4, 'n/a', 4, 'n/a', 3, 3, 'n/a', 5)(4, 'n/a')",3.75,"(3, 'n/a', 3, 2, 3, 4, 5, 'n/a', 4, 'n/a', 3, 4, 'n/a', 5)(4, 'n/a')",3.8,"(3, 'n/a', 3, 2, 4, 4, 4, 'n/a', 4, 'n/a', 3, 2, 'n/a', 5)(3, 'n/a')",3.2,"(3, 'n/a', 3, 2, 4, 4, 4, 'n/a', 4, 'n/a', 3, 3, 'n/a', 5)(4, 'n/a')",3.75,"(1, 'n/a', 1, 1, 1, 1, 1, 'n/a', 1, 'n/a', 1, 1, 'n/a', 1)(1, 'n/a')",1
jT4DPT6-i4krTD2utJli6g,"(2, 'n/a', 'n/a', 3, 3, 2, 5, 3, 3, 'n/a', 2, 3, 'n/a', 5)",3.1,"(1, 'n/a', 'n/a', 3, 1, 2, 5, 2, 3, 'n/a', 2, 2, 'n/a', 5)",2.6,"(2, 'n/a', 'n/a', 3, 2, 3, 5, 2, 3, 'n/a', 2, 2, 'n/a', 5)",2.9,"(2, 'n/a', 'n/a', 3, 2, 2, 5, 2, 3, 'n/a', 2, 2, 'n/a', 5)",2.8,"(1, 'n/a', 'n/a', 1, 1, 1, 1, 1, 1, 'n/a', 1, 1, 'n/a', 1)",1,"(4, 4)",4.0,"(3, 3)",3.0,"(3, 4)",3.5,"(3, 4)",3.5,"(1, 1)",1,"(2, 'n/a', 'n/a', 3, 3, 2, 5, 3, 3, 'n/a', 2, 3, 'n/a', 5)(4, 4)",3.55,"(1, 'n/a', 'n/a', 3, 1, 2, 5, 2, 3, 'n/a', 2, 2, 'n/a', 5)(3, 3)",2.8,"(2, 'n/a', 'n/a', 3, 2, 3, 5, 2, 3, 'n/a', 2, 2, 'n/a', 5)(3, 4)",3.2,"(2, 'n/a', 'n/a', 3, 2, 2, 5, 2, 3, 'n/a', 2, 2, 'n/a', 5)(3, 4)",3.15,"(1, 'n/a', 'n/a', 1, 1, 1, 1, 1, 1, 'n/a', 1, 1, 'n/a', 1)(1, 1)",1
FgO2JLhqgg71nj-S14u-Dg,"(4, 'n/a', 'n/a', 'n/a', 3, 4, 5, 4, 4, 'n/a', 3, 3, 4, 3)",3.7,"(4, 'n/a', 'n/a', 'n/a', 4, 4, 5, 3, 4, 'n/a', 2, 4, 4, 3)",3.7,"(4, 'n/a', 'n/a', 'n/a', 3, 4, 5, 3, 4, 'n/a', 3, 3, 4, 2)",3.5,"(4, 'n/a', 'n/a', 'n/a', 3, 4, 5, 3, 4, 'n/a', 3, 3, 4, 3)",3.6,"(1, 'n/a', 'n/a', 'n/a', 1, 1, 1, 1, 1, 'n/a', 1, 1, 1, 1)",1,"(4, 'n/a')",4.0,"(4, 'n/a')",4.0,"(4, 'n/a')",4.0,"(3, 'n/a')",3.0,"(1, 'n/a')",1,"(4, 'n/a', 'n/a', 'n/a', 3, 4, 5, 4, 4, 'n/a', 3, 3, 4, 3)(4, 'n/a')",3.85,"(4, 'n/a', 'n/a', 'n/a', 4, 4, 5, 3, 4, 'n/a', 2, 4, 4, 3)(4, 'n/a')",3.85,"(4, 'n/a', 'n/a', 'n/a', 3, 4, 5, 3, 4, 'n/a', 3, 3, 4, 2)(4, 'n/a')",3.75,"(4, 'n/a', 'n/a', 'n/a', 3, 4, 5, 3, 4, 'n/a', 3, 3, 4, 3)(3, 'n/a')",3.3,"(1, 'n/a', 'n/a', 'n/a', 1, 1, 1, 1, 1, 'n/a', 1, 1, 1, 1)(1, 'n/a')",1
Q7LXG_O2ni4IKcHonCl49A,"(4, 'n/a', 'n/a', 'n/a', 3, 4, 4, 4, 5, 'n/a', 5, 4, 4, 4)",4.1,"(4, 'n/a', 'n/a', 'n/a', 5, 4, 5, 5, 5, 'n/a', 5, 5, 4, 5)",4.7,"(4, 'n/a', 'n/a', 'n/a', 5, 4, 5, 5, 5, 'n/a', 5, 4, 4, 4)",4.5,"(4, 'n/a', 'n/a', 'n/a', 5, 4, 4, 5, 5, 'n/a', 5, 4, 4, 4)",4.4,"(1, 'n/a', 'n/a', 'n/a', 1, 1, 1, 1, 1, 'n/a', 1, 1, 1, 1)",1,"(4, 'n/a')",4.0,"(5, 'n/a')",5.0,"(3, 'n/a')",3.0,"(4, 'n/a')",4.0,"(1, 'n/a')",1,"(4, 'n/a', 'n/a', 'n/a', 3, 4, 4, 4, 5, 'n/a', 5, 4, 4, 4)(4, 'n/a')",4.05,"(4, 'n/a', 'n/a', 'n/a', 5, 4, 5, 5, 5, 'n/a', 5, 5, 4, 5)(5, 'n/a')",4.85,"(4, 'n/a', 'n/a', 'n/a', 5, 4, 5, 5, 5, 'n/a', 5, 4, 4, 4)(3, 'n/a')",3.75,"(4, 'n/a', 'n/a', 'n/a', 5, 4, 4, 5, 5, 'n/a', 5, 4, 4, 4)(4, 'n/a')",4.2,"(1, 'n/a', 'n/a', 'n/a', 1, 1, 1, 1, 1, 'n/a', 1, 1, 1, 1)(1, 'n/a')",1
p2koA_yl9hYOIv_v7K7VlQ,"(3, 'n/a', 'n/a', 'n/a', 3, 4, 'n/a', 3, 4, 3, 3, 2, 4, 5)",3.4,"(3, 'n/a', 'n/a', 'n/a', 2, 4, 'n/a', 4, 4, 2, 3, 2, 4, 4)",3.2,"(3, 'n/a', 'n/a', 'n/a', 4, 4, 'n/a', 4, 4, 3, 3, 3, 4, 3)",3.5,"(3, 'n/a', 'n/a', 'n/a', 3, 4, 'n/a', 4, 4, 2, 3, 2, 4, 4)",3.3,"(1, 'n/a', 'n/a', 'n/a', 1, 1, 'n/a', 1, 1, 1, 1, 1, 1, 1)",1,"(4, 'n/a')",4.0,"(4, 'n/a')",4.0,"(3, 'n/a')",3.0,"(4, 'n/a')",4.0,"(1, 'n/a')",1,"(3, 'n/a', 'n/a', 'n/a', 3, 4, 'n/a', 3, 4, 3, 3, 2, 4, 5)(4, 'n/a')",3.7,"(3, 'n/a', 'n/a', 'n/a', 2, 4, 'n/a', 4, 4, 2, 3, 2, 4, 4)(4, 'n/a')",3.6,"(3, 'n/a', 'n/a', 'n/a', 4, 4, 'n/a', 4, 4, 3, 3, 3, 4, 3)(3, 'n/a')",3.25,"(3, 'n/a', 'n/a', 'n/a', 3, 4, 'n/a', 4, 4, 2, 3, 2, 4, 4)(4, 'n/a')",3.65,"(1, 'n/a', 'n/a', 'n/a', 1, 1, 'n/a', 1, 1, 1, 1, 1, 1, 1)(1, 'n/a')",1
ldqgdIAmg8samM4vagI23g,"(3, 'n/a', 'n/a', 3, 2, 4, 'n/a', 3, 4, 3, 1, 2, 'n/a', 5)",3.0,"(2, 'n/a', 'n/a', 3, 1, 4, 'n/a', 4, 4, 3, 1, 3, 'n/a', 5)",3.0,"(3, 'n/a', 'n/a', 3, 2, 4, 'n/a', 2, 4, 3, 1, 1, 'n/a', 5)",2.8,"(2, 'n/a', 'n/a', 3, 2, 4, 'n/a', 3, 4, 2, 1, 2, 'n/a', 5)",2.8,"(1, 'n/a', 'n/a', 1, 1, 1, 'n/a', 1, 1, 1, 1, 1, 'n/a', 1)",1,"(4, 3)",3.5,"(3, 3)",3.0,"(3, 3)",3.0,"(3, 3)",3.0,"(1, 1)",1,"(3, 'n/a', 'n/a', 3, 2, 4, 'n/a', 3, 4, 3, 1, 2, 'n/a', 5)(4, 3)",3.25,"(2, 'n/a', 'n/a', 3, 1, 4, 'n/a', 4, 4, 3, 1, 3, 'n/a', 5)(3, 3)",3.0,"(3, 'n/a', 'n/a', 3, 2, 4, 'n/a', 2, 4, 3, 1, 1, 'n/a', 5)(3, 3)",2.9,"(2, 'n/a', 'n/a', 3, 2, 4, 'n/a', 3, 4, 2, 1, 2, 'n/a', 5)(3, 3)",2.9,"(1, 'n/a', 'n/a', 1, 1, 1, 'n/a', 1, 1, 1, 1, 1, 'n/a', 1)(1, 1)",1
C7WpipKDgb5gxwCbjT4__A,"(2, 'n/a', 'n/a', 'n/a', 2, 4, 'n/a', 5, 4, 2, '#', 3, 3, 1)",2.888888888888889,"(2, 'n/a', 'n/a', 'n/a', 1, 4, 'n/a', 5, 4, 2, '#', 5, 3, 1)",3.0,"(1, 'n/a', 'n/a', 'n/a', 3, 4, 'n/a', 5, 4, 2, '#', 4, 3, 1)",3.0,"(2, 'n/a', 'n/a', 'n/a', 2, 4, 'n/a', 5, 4, 1, '#', 4, 3, 1)",2.888888888888889,"(1, 'n/a', 'n/a', 'n/a', 1, 1, 'n/a', 1, 1, 1, 1, 1, 1, 1)",1,"(3,)",3.0,"(4,)",4.0,"(3,)",3.0,"(3,)",3.0,"(1,)",1,"(2, 'n/a', 'n/a', 'n/a', 2, 4, 'n/a', 5, 4, 2, '#', 3, 3, 1)(3,)",2.9444444444444446,"(2, 'n/a', 'n/a', 'n/a', 1, 4, 'n/a', 5, 4, 2, '#', 5, 3, 1)(4,)",3.5,"(1, 'n/a', 'n/a', 'n/a', 3, 4, 'n/a', 5, 4, 2, '#', 4, 3, 1)(3,)",3.0,"(2, 'n/a', 'n/a', 'n/a', 2, 4, 'n/a', 5, 4, 1, '#', 4, 3, 1)(3,)",2.9444444444444446,"(1, 'n/a', 'n/a', 'n/a', 1, 1, 'n/a', 1, 1, 1, 1, 1, 1, 1)(1,)",1
7FYgW4Teblr-UZzLWJr57A,"(3, 'n/a', 'n/a', 'n/a', 4, 4, 'n/a', 3, 4, 3, 2, 3, 4, 4)",3.4,"(2, 'n/a', 'n/a', 'n/a', 3, 4, 'n/a', 4, 4, 3, 2, 5, 4, 3)",3.4,"(3, 'n/a', 'n/a', 'n/a', 4, 4, 'n/a', 3, 4, 3, 2, 4, 4, 2)",3.3,"(3, 'n/a', 'n/a', 'n/a', 4, 4, 'n/a', 3, 4, 3, 2, 4, 4, 3)",3.4,"(1, 'n/a', 'n/a', 'n/a', 1, 1, 'n/a', 1, 1, 1, 1, 1, 1, 1)",1,"(4, 'n/a')",4.0,"(4, 'n/a')",4.0,"(4, 'n/a')",4.0,"(4, 'n/a')",4.0,"(1, 'n/a')",1,"(3, 'n/a', 'n/a', 'n/a', 4, 4, 'n/a', 3, 4, 3, 2, 3, 4, 4)(4, 'n/a')",3.7,"(2, 'n/a', 'n/a', 'n/a', 3, 4, 'n/a', 4, 4, 3, 2, 5, 4, 3)(4, 'n/a')",3.7,"(3, 'n/a', 'n/a', 'n/a', 4, 4, 'n/a', 3, 4, 3, 2, 4, 4, 2)(4, 'n/a')",3.65,"(3, 'n/a', 'n/a', 'n/a', 4, 4, 'n/a', 3, 4, 3, 2, 4, 4, 3)(4, 'n/a')",3.7,"(1, 'n/a', 'n/a', 'n/a', 1, 1, 'n/a', 1, 1, 1, 1, 1, 1, 1)(1, 'n/a')",1
KqU94jAVjAJfHfRWVl1uOg,"(4, 'n/a', 'n/a', 2, 3, 4, 4, 3, 4, 'n/a', 3, 2, 'n/a', 3)",3.2,"(4, 'n/a', 'n/a', 2, 2, 3, 4, 2, 4, 'n/a', 3, 3, 'n/a', 4)",3.1,"(4, 'n/a', 'n/a', 2, 4, 4, 4, 2, 4, 'n/a', 3, 2, 'n/a', 3)",3.2,"(4, 'n/a', 'n/a', 2, 3, 4, 4, 2, 4, 'n/a', 3, 2, 'n/a', 3)",3.1,"(1, 'n/a', 'n/a', 1, 1, 1, 1, 1, 1, 'n/a', 1, 1, 'n/a', 1)",1,"(4, 'n/a')",4.0,"(3, 'n/a')",3.0,"(3, 'n/a')",3.0,"(3, 'n/a')",3.0,"(1, 'n/a')",1,"(4, 'n/a', 'n/a', 2, 3, 4, 4, 3, 4, 'n/a', 3, 2, 'n/a', 3)(4, 'n/a')",3.6,"(4, 'n/a', 'n/a', 2, 2, 3, 4, 2, 4, 'n/a', 3, 3, 'n/a', 4)(3, 'n/a')",3.05,"(4, 'n/a', 'n/a', 2, 4, 4, 4, 2, 4, 'n/a', 3, 2, 'n/a', 3)(3, 'n/a')",3.1,"(4, 'n/a', 'n/a', 2, 3, 4, 4, 2, 4, 'n/a', 3, 2, 'n/a', 3)(3, 'n/a')",3.05,"(1, 'n/a', 'n/a', 1, 1, 1, 1, 1, 1, 'n/a', 1, 1, 'n/a', 1)(1, 'n/a')",1
WjXxlYQDojK5GHF2uTKx2Q,"(5, 'n/a', 3, 'n/a', 3, 4, 5, 4, 4, 'n/a', 4, 3, 'n/a', 3)",3.8,"(3, 'n/a', 3, 'n/a', 4, 4, 5, 4, 4, 'n/a', 4, 4, 'n/a', 2)",3.7,"(4, 'n/a', 3, 'n/a', 3, 4, 5, 4, 4, 'n/a', 4, 1, 'n/a', 3)",3.5,"(4, 'n/a', 3, 'n/a', 3, 4, 5, 4, 4, 'n/a', 4, 2, 'n/a', 3)",3.6,"(1, 'n/a', 1, 'n/a', 1, 1, 1, 1, 1, 'n/a', 1, 1, 'n/a', 1)",1,"(4,)",4.0,"(4,)",4.0,"(4,)",4.0,"(4,)",4.0,"(1,)",1,"(5, 'n/a', 3, 'n/a', 3, 4, 5, 4, 4, 'n/a', 4, 3, 'n/a', 3)(4,)",3.9,"(3, 'n/a', 3, 'n/a', 4, 4, 5, 4, 4, 'n/a', 4, 4, 'n/a', 2)(4,)",3.85,"(4, 'n/a', 3, 'n/a', 3, 4, 5, 4, 4, 'n/a', 4, 1, 'n/a', 3)(4,)",3.75,"(4, 'n/a', 3, 'n/a', 3, 4, 5, 4, 4, 'n/a', 4, 2, 'n/a', 3)(4,)",3.8,"(1, 'n/a', 1, 'n/a', 1, 1, 1, 1, 1, 'n/a', 1, 1, 'n/a', 1)(1,)",1
vDJ5UxOqRin_uFbGjRTDlg,"(4, 'n/a', 'n/a', 2, 3, 4, 'n/a', 'n/a', 4, 2, 3, 3, 4, 4)",3.3,"(2, 'n/a', 'n/a', 2, 2, 4, 'n/a', 'n/a', 4, 3, 3, 4, 4, 4)",3.2,"(3, 'n/a', 'n/a', 2, 3, 4, 'n/a', 'n/a', 4, 3, 3, 3, 4, 3)",3.2,"(3, 'n/a', 'n/a', 2, 3, 4, 'n/a', 'n/a', 4, 2, 3, 3, 4, 4)",3.2,"(1, 'n/a', 'n/a', 1, 1, 1, 'n/a', 'n/a', 1, 1, 1, 1, 1, 1)",1,"(4, 'n/a')",4.0,"(4, 'n/a')",4.0,"(4, 'n/a')",4.0,"(4, 'n/a')",4.0,"(1, 'n/a')",1,"(4, 'n/a', 'n/a', 2, 3, 4, 'n/a', 'n/a', 4, 2, 3, 3, 4, 4)(4, 'n/a')",3.65,"(2, 'n/a', 'n/a', 2, 2, 4, 'n/a', 'n/a', 4, 3, 3, 4, 4, 4)(4, 'n/a')",3.6,"(3, 'n/a', 'n/a', 2, 3, 4, 'n/a', 'n/a', 4, 3, 3, 3, 4, 3)(4, 'n/a')",3.6,"(3, 'n/a', 'n/a', 2, 3, 4, 'n/a', 'n/a', 4, 2, 3, 3, 4, 4)(4, 'n/a')",3.6,"(1, 'n/a', 'n/a', 1, 1, 1, 'n/a', 'n/a', 1, 1, 1, 1, 1, 1)(1, 'n/a')",1
q2KkKB466PWGQGpyvaG8dg,"(5, 'n/a', 'n/a', 3, 4, 4, 'n/a', 'n/a', 4, 2, 3, 4, 4, 4)",3.7,"(4, 'n/a', 'n/a', 3, 3, 4, 'n/a', 'n/a', 4, 3, 3, 5, 3, 4)",3.6,"(4, 'n/a', 'n/a', 3, 4, 4, 'n/a', 'n/a', 4, 2, 3, 4, 4, 4)",3.6,"(4, 'n/a', 'n/a', 3, 4, 4, 'n/a', 'n/a', 4, 2, 3, 4, 4, 4)",3.6,"(1, 'n/a', 'n/a', 1, 1, 1, 'n/a', 'n/a', 1, 1, 1, 1, 1, 1)",1,"(4,)",4.0,"(4,)",4.0,"(4,)",4.0,"(4,)",4.0,"(1,)",1,"(5, 'n/a', 'n/a', 3, 4, 4, 'n/a', 'n/a', 4, 2, 3, 4, 4, 4)(4,)",3.85,"(4, 'n/a', 'n/a', 3, 3, 4, 'n/a', 'n/a', 4, 3, 3, 5, 3, 4)(4,)",3.8,"(4, 'n/a', 'n/a', 3, 4, 4, 'n/a', 'n/a', 4, 2, 3, 4, 4, 4)(4,)",3.8,"(4, 'n/a', 'n/a', 3, 4, 4, 'n/a', 'n/a', 4, 2, 3, 4, 4, 4)(4,)",3.8,"(1, 'n/a', 'n/a', 1, 1, 1, 'n/a', 'n/a', 1, 1, 1, 1, 1, 1)(1,)",1
nW0aftEvUpRLviT8FZIGRQ,"(5, 'n/a', 'n/a', 3, 4, 4, 5, 4, 3, 'n/a', 4, 3, 'n/a', 4)",3.9,"(4, 'n/a', 'n/a', 3, 4, 4, 5, 5, 3, 'n/a', 4, 4, 'n/a', 4)",4.0,"(4, 'n/a', 'n/a', 3, 4, 4, 5, 4, 4, 'n/a', 4, 4, 'n/a', 3)",3.9,"(4, 'n/a', 'n/a', 3, 4, 4, 5, 4, 4, 'n/a', 4, 4, 'n/a', 4)",4.0,"(1, 'n/a', 'n/a', 1, 1, 1, 1, 1, 1, 'n/a', 1, 1, 'n/a', 1)",1,"(4,)",4.0,"(5,)",5.0,"(4,)",4.0,"(4,)",4.0,"(1,)",1,"(5, 'n/a', 'n/a', 3, 4, 4, 5, 4, 3, 'n/a', 4, 3, 'n/a', 4)(4,)",3.95,"(4, 'n/a', 'n/a', 3, 4, 4, 5, 5, 3, 'n/a', 4, 4, 'n/a', 4)(5,)",4.5,"(4, 'n/a', 'n/a', 3, 4, 4, 5, 4, 4, 'n/a', 4, 4, 'n/a', 3)(4,)",3.95,"(4, 'n/a', 'n/a', 3, 4, 4, 5, 4, 4, 'n/a', 4, 4, 'n/a', 4)(4,)",4.0,"(1, 'n/a', 'n/a', 1, 1, 1, 1, 1, 1, 'n/a', 1, 1, 'n/a', 1)(1,)",1
L4oV56EZCDJQt7zu3Z7c4Q,"(4, 'n/a', 'n/a', 3, 4, 4, 'n/a', 'n/a', 4, 3, 3, 3, 3, 4)",3.5,"(4, 'n/a', 'n/a', 3, 4, 4, 'n/a', 'n/a', 5, 3, 3, 3, 4, 4)",3.7,"(4, 'n/a', 'n/a', 3, 4, 4, 'n/a', 'n/a', 5, 3, 3, 4, 3, 4)",3.7,"(4, 'n/a', 'n/a', 3, 4, 4, 'n/a', 'n/a', 5, 3, 3, 3, 3, 4)",3.6,"(1, 'n/a', 'n/a', 1, 1, 1, 'n/a', 'n/a', 1, 1, 1, 1, 1, 1)",1,"(4, 'n/a')",4.0,"(4, 'n/a')",4.0,"(3, 'n/a')",3.0,"(3, 'n/a')",3.0,"(1, 'n/a')",1,"(4, 'n/a', 'n/a', 3, 4, 4, 'n/a', 'n/a', 4, 3, 3, 3, 3, 4)(4, 'n/a')",3.75,"(4, 'n/a', 'n/a', 3, 4, 4, 'n/a', 'n/a', 5, 3, 3, 3, 4, 4)(4, 'n/a')",3.85,"(4, 'n/a', 'n/a', 3, 4, 4, 'n/a', 'n/a', 5, 3, 3, 4, 3, 4)(3, 'n/a')",3.35,"(4, 'n/a', 'n/a', 3, 4, 4, 'n/a', 'n/a', 5, 3, 3, 3, 3, 4)(3, 'n/a')",3.3,"(1, 'n/a', 'n/a', 1, 1, 1, 'n/a', 'n/a', 1, 1, 1, 1, 1, 1)(1, 'n/a')",1
hcWr_zygSBmP81c-xR33kw,"(3, 'n/a', 'n/a', 4, 4, 4, 'n/a', 3, 4, 3, 2, 4, 'n/a', 5)",3.6,"(2, 'n/a', 'n/a', 4, 3, 3, 'n/a', 2, 4, 2, 2, 5, 'n/a', 5)",3.2,"(2, 'n/a', 'n/a', 4, 4, 4, 'n/a', 2, 4, 3, 2, 5, 'n/a', 5)",3.5,"(2, 'n/a', 'n/a', 4, 4, 4, 'n/a', 2, 4, 3, 2, 5, 'n/a', 5)",3.5,"(1, 'n/a', 'n/a', 1, 1, 1, 'n/a', 1, 1, 1, 1, 1, 'n/a', 1)",1,"(4, 4)",4.0,"(5, 4)",4.5,"(4, 4)",4.0,"(4, 4)",4.0,"(1, 1)",1,"(3, 'n/a', 'n/a', 4, 4, 4, 'n/a', 3, 4, 3, 2, 4, 'n/a', 5)(4, 4)",3.8,"(2, 'n/a', 'n/a', 4, 3, 3, 'n/a', 2, 4, 2, 2, 5, 'n/a', 5)(5, 4)",3.85,"(2, 'n/a', 'n/a', 4, 4, 4, 'n/a', 2, 4, 3, 2, 5, 'n/a', 5)(4, 4)",3.75,"(2, 'n/a', 'n/a', 4, 4, 4, 'n/a', 2, 4, 3, 2, 5, 'n/a', 5)(4, 4)",3.75,"(1, 'n/a', 'n/a', 1, 1, 1, 'n/a', 1, 1, 1, 1, 1, 'n/a', 1)(1, 1)",1
D6C57bBoiCtO0wDMkqt9FA,"(1, 'n/a', 2, 3, 4, 4, 5, 'n/a', 4, 'n/a', 1, 3, 'n/a', 1)",2.8,"(1, 'n/a', 2, 3, 1, 4, 5, 'n/a', 4, 'n/a', 1, 4, 'n/a', 3)",2.8,"(2, 'n/a', 2, 3, 4, 4, 5, 'n/a', 4, 'n/a', 1, 1, 'n/a', 2)",2.8,"(1, 'n/a', 2, 3, 3, 4, 5, 'n/a', 4, 'n/a', 1, 3, 'n/a', 2)",2.8,"(1, 'n/a', 1, 1, 1, 1, 1, 'n/a', 1, 'n/a', 1, 1, 'n/a', 1)",1,"(3, 1)",2.0,"(3, 3)",3.0,"(2, 2)",2.0,"(3, 2)",2.5,"(1, 1)",1,"(1, 'n/a', 2, 3, 4, 4, 5, 'n/a', 4, 'n/a', 1, 3, 'n/a', 1)(3, 1)",2.4,"(1, 'n/a', 2, 3, 1, 4, 5, 'n/a', 4, 'n/a', 1, 4, 'n/a', 3)(3, 3)",2.9,"(2, 'n/a', 2, 3, 4, 4, 5, 'n/a', 4, 'n/a', 1, 1, 'n/a', 2)(2, 2)",2.4,"(1, 'n/a', 2, 3, 3, 4, 5, 'n/a', 4, 'n/a', 1, 3, 'n/a', 2)(3, 2)",2.65,"(1, 'n/a', 1, 1, 1, 1, 1, 'n/a', 1, 'n/a', 1, 1, 'n/a', 1)(1, 1)",1
mneMerFVO7LItyfwaw8Ljg,"(2, 'n/a', 'n/a', 2, 2, 4, 'n/a', 4, 3, 3, 4, 2, 'n/a', 4)",3.0,"(2, 'n/a', 'n/a', 2, 2, 3, 'n/a', 5, 3, 2, 3, 3, 'n/a', 4)",2.9,"(2, 'n/a', 'n/a', 2, 3, 4, 'n/a', 5, 3, 2, 4, 1, 'n/a', 4)",3.0,"(2, 'n/a', 'n/a', 2, 2, 4, 'n/a', 5, 3, 2, 4, 2, 'n/a', 4)",3.0,"(1, 'n/a', 'n/a', 1, 1, 1, 'n/a', 1, 1, 1, 1, 1, 'n/a', 1)",1,"(4, 'n/a')",4.0,"(3, 'n/a')",3.0,"(3, 'n/a')",3.0,"(3, 'n/a')",3.0,"(1, 'n/a')",1,"(2, 'n/a', 'n/a', 2, 2, 4, 'n/a', 4, 3, 3, 4, 2, 'n/a', 4)(4, 'n/a')",3.5,"(2, 'n/a', 'n/a', 2, 2, 3, 'n/a', 5, 3, 2, 3, 3, 'n/a', 4)(3, 'n/a')",2.95,"(2, 'n/a', 'n/a', 2, 3, 4, 'n/a', 5, 3, 2, 4, 1, 'n/a', 4)(3, 'n/a')",3.0,"(2, 'n/a', 'n/a', 2, 2, 4, 'n/a', 5, 3, 2, 4, 2, 'n/a', 4)(3, 'n/a')",3.0,"(1, 'n/a', 'n/a', 1, 1, 1, 'n/a', 1, 1, 1, 1, 1, 'n/a', 1)(1, 'n/a')",1
ETIroTIiTg9t8nbi_gfktg,"(3, 'n/a', 4, 2, 4, 4, 4, 'n/a', 4, 'n/a', 4, 3, 'n/a', 3)",3.5,"(2, 'n/a', 4, 2, 3, 4, 5, 'n/a', 4, 'n/a', 4, 5, 'n/a', 5)",3.8,"(3, 'n/a', 4, 2, 4, 4, 5, 'n/a', 4, 'n/a', 4, 2, 'n/a', 3)",3.5,"(3, 'n/a', 4, 2, 4, 4, 5, 'n/a', 4, 'n/a', 4, 3, 'n/a', 3)",3.6,"(1, 'n/a', 1, 1, 1, 1, 1, 'n/a', 1, 'n/a', 1, 1, 'n/a', 1)",1,"(4, 'n/a')",4.0,"(4, 'n/a')",4.0,"(4, 'n/a')",4.0,"(4, 'n/a')",4.0,"(1, 'n/a')",1,"(3, 'n/a', 4, 2, 4, 4, 4, 'n/a', 4, 'n/a', 4, 3, 'n/a', 3)(4, 'n/a')",3.75,"(2, 'n/a', 4, 2, 3, 4, 5, 'n/a', 4, 'n/a', 4, 5, 'n/a', 5)(4, 'n/a')",3.9,"(3, 'n/a', 4, 2, 4, 4, 5, 'n/a', 4, 'n/a', 4, 2, 'n/a', 3)(4, 'n/a')",3.75,"(3, 'n/a', 4, 2, 4, 4, 5, 'n/a', 4, 'n/a', 4, 3, 'n/a', 3)(4, 'n/a')",3.8,"(1, 'n/a', 1, 1, 1, 1, 1, 'n/a', 1, 'n/a', 1, 1, 'n/a', 1)(1, 'n/a')",1
2CxK9w9j8ekd0PIdSDN-yw,"(4, 'n/a', 'n/a', 3, 4, 3, 4, 3, 4, 'n/a', 4, 4, 'n/a', 4)",3.7,"(2, 'n/a', 'n/a', 3, 2, 2, 4, 3, 3, 'n/a', 3, 5, 'n/a', 3)",3.0,"(3, 'n/a', 'n/a', 3, 4, 3, 5, 2, 3, 'n/a', 3, 4, 'n/a', 3)",3.3,"(3, 'n/a', 'n/a', 3, 4, 3, 4, 3, 4, 'n/a', 3, 4, 'n/a', 3)",3.4,"(1, 'n/a', 'n/a', 1, 1, 1, 1, 1, 1, 'n/a', 1, 1, 'n/a', 1)",1,"(4, 'n/a')",4.0,"(2, 'n/a')",2.0,"(3, 'n/a')",3.0,"(2, 'n/a')",2.0,"(1, 'n/a')",1,"(4, 'n/a', 'n/a', 3, 4, 3, 4, 3, 4, 'n/a', 4, 4, 'n/a', 4)(4, 'n/a')",3.85,"(2, 'n/a', 'n/a', 3, 2, 2, 4, 3, 3, 'n/a', 3, 5, 'n/a', 3)(2, 'n/a')",2.5,"(3, 'n/a', 'n/a', 3, 4, 3, 5, 2, 3, 'n/a', 3, 4, 'n/a', 3)(3, 'n/a')",3.15,"(3, 'n/a', 'n/a', 3, 4, 3, 4, 3, 4, 'n/a', 3, 4, 'n/a', 3)(2, 'n/a')",2.7,"(1, 'n/a', 'n/a', 1, 1, 1, 1, 1, 1, 'n/a', 1, 1, 'n/a', 1)(1, 'n/a')",1
Liv1e7SDG5-Z8WqS5WLhEQ,"(2, 'n/a', 'n/a', 'n/a', 3, 4, 'n/a', 3, 4, 3, 3, 2, 3, 4)",3.1,"(3, 'n/a', 'n/a', 'n/a', 2, 4, 'n/a', 2, 4, 3, 3, 3, 3, 4)",3.1,"(2, 'n/a', 'n/a', 'n/a', 3, 3, 'n/a', 2, 4, 2, 3, 2, 3, 4)",2.8,"(2, 'n/a', 'n/a', 'n/a', 3, 4, 'n/a', 2, 4, 2, 3, 2, 3, 4)",2.9,"(1, 'n/a', 'n/a', 'n/a', 1, 1, 'n/a', 1, 1, 1, 1, 1, 1, 1)",1,"(3, 'n/a')",3.0,"(2, 'n/a')",2.0,"(3, 'n/a')",3.0,"(3, 'n/a')",3.0,"(1, 'n/a')",1,"(2, 'n/a', 'n/a', 'n/a', 3, 4, 'n/a', 3, 4, 3, 3, 2, 3, 4)(3, 'n/a')",3.05,"(3, 'n/a', 'n/a', 'n/a', 2, 4, 'n/a', 2, 4, 3, 3, 3, 3, 4)(2, 'n/a')",2.55,"(2, 'n/a', 'n/a', 'n/a', 3, 3, 'n/a', 2, 4, 2, 3, 2, 3, 4)(3, 'n/a')",2.9,"(2, 'n/a', 'n/a', 'n/a', 3, 4, 'n/a', 2, 4, 2, 3, 2, 3, 4)(3, 'n/a')",2.95,"(1, 'n/a', 'n/a', 'n/a', 1, 1, 'n/a', 1, 1, 1, 1, 1, 1, 1)(1, 'n/a')",1
QI0-kXbnuieWfSMBDOuVmA,"(4, 'n/a', 'n/a', 4, 3, 4, 'n/a', 'n/a', 4, 4, 3, 4, 4, 5)",3.9,"(3, 'n/a', 'n/a', 4, 2, 4, 'n/a', 'n/a', 4, 3, 3, 5, 4, 5)",3.7,"(4, 'n/a', 'n/a', 4, 4, 4, 'n/a', 'n/a', 4, 3, 3, 4, 4, 4)",3.8,"(4, 'n/a', 'n/a', 4, 3, 4, 'n/a', 'n/a', 4, 3, 3, 4, 4, 5)",3.8,"(1, 'n/a', 'n/a', 1, 1, 1, 'n/a', 'n/a', 1, 1, 1, 1, 1, 1)",1,"(4,)",4.0,"(4,)",4.0,"(4,)",4.0,"(4,)",4.0,"(1,)",1,"(4, 'n/a', 'n/a', 4, 3, 4, 'n/a', 'n/a', 4, 4, 3, 4, 4, 5)(4,)",3.95,"(3, 'n/a', 'n/a', 4, 2, 4, 'n/a', 'n/a', 4, 3, 3, 5, 4, 5)(4,)",3.85,"(4, 'n/a', 'n/a', 4, 4, 4, 'n/a', 'n/a', 4, 3, 3, 4, 4, 4)(4,)",3.9,"(4, 'n/a', 'n/a', 4, 3, 4, 'n/a', 'n/a', 4, 3, 3, 4, 4, 5)(4,)",3.9,"(1, 'n/a', 'n/a', 1, 1, 1, 'n/a', 'n/a', 1, 1, 1, 1, 1, 1)(1,)",1
UssJGU57N33KHCowQ9ERfg,"(2, 'n/a', 'n/a', 2, 2, 3, 'n/a', 3, 3, 2, 2, 3, 'n/a', 5)",2.7,"(1, 'n/a', 'n/a', 2, 1, 2, 'n/a', 3, 4, 1, 2, 2, 'n/a', 5)",2.3,"(2, 'n/a', 'n/a', 2, 3, 3, 'n/a', 2, 4, 2, 2, 3, 'n/a', 5)",2.8,"(2, 'n/a', 'n/a', 2, 2, 3, 'n/a', 3, 4, 2, 2, 3, 'n/a', 5)",2.8,"(1, 'n/a', 'n/a', 1, 1, 1, 'n/a', 1, 1, 1, 1, 1, 'n/a', 1)",1,"(3, 4)",3.5,"(4, 4)",4.0,"(4, 4)",4.0,"(4, 4)",4.0,"(1, 1)",1,"(2, 'n/a', 'n/a', 2, 2, 3, 'n/a', 3, 3, 2, 2, 3, 'n/a', 5)(3, 4)",3.1,"(1, 'n/a', 'n/a', 2, 1, 2, 'n/a', 3, 4, 1, 2, 2, 'n/a', 5)(4, 4)",3.15,"(2, 'n/a', 'n/a', 2, 3, 3, 'n/a', 2, 4, 2, 2, 3, 'n/a', 5)(4, 4)",3.4,"(2, 'n/a', 'n/a', 2, 2, 3, 'n/a', 3, 4, 2, 2, 3, 'n/a', 5)(4, 4)",3.4,"(1, 'n/a', 'n/a', 1, 1, 1, 'n/a', 1, 1, 1, 1, 1, 'n/a', 1)(1, 1)",1
1qyJ7x3au3b5tf3U081e0Q,"(3, 'n/a', 'n/a', 2, 2, 4, 'n/a', 'n/a', 5, 4, 4, 3, 3, 4)",3.4,"(3, 'n/a', 'n/a', 2, 3, 3, 'n/a', 'n/a', 5, 4, 4, 4, 3, 5)",3.6,"(4, 'n/a', 'n/a', 2, 2, 4, 'n/a', 'n/a', 5, 3, 4, 3, 3, 5)",3.5,"(3, 'n/a', 'n/a', 2, 2, 4, 'n/a', 'n/a', 5, 3, 4, 3, 3, 5)",3.4,"(1, 'n/a', 'n/a', 1, 1, 1, 'n/a', 'n/a', 1, 1, 1, 1, 1, 1)",1,"(4, 'n/a')",4.0,"(4, 'n/a')",4.0,"(3, 'n/a')",3.0,"(3, 'n/a')",3.0,"(1, 'n/a')",1,"(3, 'n/a', 'n/a', 2, 2, 4, 'n/a', 'n/a', 5, 4, 4, 3, 3, 4)(4, 'n/a')",3.7,"(3, 'n/a', 'n/a', 2, 3, 3, 'n/a', 'n/a', 5, 4, 4, 4, 3, 5)(4, 'n/a')",3.8,"(4, 'n/a', 'n/a', 2, 2, 4, 'n/a', 'n/a', 5, 3, 4, 3, 3, 5)(3, 'n/a')",3.25,"(3, 'n/a', 'n/a', 2, 2, 4, 'n/a', 'n/a', 5, 3, 4, 3, 3, 5)(3, 'n/a')",3.2,"(1, 'n/a', 'n/a', 1, 1, 1, 'n/a', 'n/a', 1, 1, 1, 1, 1, 1)(1, 'n/a')",1
2gctjStx2SXDpcKnr-_QwQ,"(3, 'n/a', 4, 'n/a', 3, 4, 3, 4, 4, 'n/a', 4, 3, 'n/a', 4)",3.6,"(3, 'n/a', 4, 'n/a', 4, 4, 4, 3, 4, 'n/a', 4, 5, 'n/a', 5)",4.0,"(3, 'n/a', 4, 'n/a', 3, 4, 5, 4, 4, 'n/a', 4, 4, 'n/a', 4)",3.9,"(3, 'n/a', 4, 'n/a', 3, 4, 4, 4, 4, 'n/a', 4, 4, 'n/a', 4)",3.8,"(1, 'n/a', 1, 'n/a', 1, 1, 1, 1, 1, 'n/a', 1, 1, 'n/a', 1)",1,"(4,)",4.0,"(3,)",3.0,"(3,)",3.0,"(3,)",3.0,"(1,)",1,"(3, 'n/a', 4, 'n/a', 3, 4, 3, 4, 4, 'n/a', 4, 3, 'n/a', 4)(4,)",3.8,"(3, 'n/a', 4, 'n/a', 4, 4, 4, 3, 4, 'n/a', 4, 5, 'n/a', 5)(3,)",3.5,"(3, 'n/a', 4, 'n/a', 3, 4, 5, 4, 4, 'n/a', 4, 4, 'n/a', 4)(3,)",3.45,"(3, 'n/a', 4, 'n/a', 3, 4, 4, 4, 4, 'n/a', 4, 4, 'n/a', 4)(3,)",3.4,"(1, 'n/a', 1, 'n/a', 1, 1, 1, 1, 1, 'n/a', 1, 1, 'n/a', 1)(1,)",1
QLv3Kr1LneNwBnnHKGb-2Q,"(4, 'n/a', 'n/a', 4, 3, 4, 'n/a', 4, 4, 5, 4, 4, 'n/a', 5)",4.1,"(4, 'n/a', 'n/a', 4, 2, 4, 'n/a', 4, 4, 4, 4, 4, 'n/a', 5)",3.9,"(3, 'n/a', 'n/a', 4, 4, 4, 'n/a', 4, 4, 3, 4, 4, 'n/a', 5)",3.9,"(4, 'n/a', 'n/a', 4, 3, 4, 'n/a', 4, 4, 4, 4, 4, 'n/a', 5)",4.0,"(1, 'n/a', 'n/a', 1, 1, 1, 'n/a', 1, 1, 1, 1, 1, 'n/a', 1)",1,"(4, 'n/a')",4.0,"(4, 'n/a')",4.0,"(4, 'n/a')",4.0,"(4, 'n/a')",4.0,"(1, 'n/a')",1,"(4, 'n/a', 'n/a', 4, 3, 4, 'n/a', 4, 4, 5, 4, 4, 'n/a', 5)(4, 'n/a')",4.05,"(4, 'n/a', 'n/a', 4, 2, 4, 'n/a', 4, 4, 4, 4, 4, 'n/a', 5)(4, 'n/a')",3.95,"(3, 'n/a', 'n/a', 4, 4, 4, 'n/a', 4, 4, 3, 4, 4, 'n/a', 5)(4, 'n/a')",3.95,"(4, 'n/a', 'n/a', 4, 3, 4, 'n/a', 4, 4, 4, 4, 4, 'n/a', 5)(4, 'n/a')",4.0,"(1, 'n/a', 'n/a', 1, 1, 1, 'n/a', 1, 1, 1, 1, 1, 'n/a', 1)(1, 'n/a')",1
UssJGU57N33KHCowQ9ERfg,"(3, 'n/a', 3, 4, 3, 2, 4, 'n/a', 3, 'n/a', 2, 2, 'n/a', 5)",3.1,"(2, 'n/a', 3, 4, 1, 2, 4, 'n/a', 3, 'n/a', 2, 3, 'n/a', 5)",2.9,"(3, 'n/a', 3, 4, 3, 3, 4, 'n/a', 3, 'n/a', 2, 2, 'n/a', 4)",3.1,"(3, 'n/a', 3, 4, 3, 2, 4, 'n/a', 3, 'n/a', 2, 2, 'n/a', 5)",3.1,"(1, 'n/a', 1, 1, 1, 1, 1, 'n/a', 1, 'n/a', 1, 1, 'n/a', 1)",1,"(3, 4)",3.5,"(4, 4)",4.0,"(4, 4)",4.0,"(4, 4)",4.0,"(1, 1)",1,"(3, 'n/a', 3, 4, 3, 2, 4, 'n/a', 3, 'n/a', 2, 2, 'n/a', 5)(3, 4)",3.3,"(2, 'n/a', 3, 4, 1, 2, 4, 'n/a', 3, 'n/a', 2, 3, 'n/a', 5)(4, 4)",3.45,"(3, 'n/a', 3, 4, 3, 3, 4, 'n/a', 3, 'n/a', 2, 2, 'n/a', 4)(4, 4)",3.55,"(3, 'n/a', 3, 4, 3, 2, 4, 'n/a', 3, 'n/a', 2, 2, 'n/a', 5)(4, 4)",3.55,"(1, 'n/a', 1, 1, 1, 1, 1, 'n/a', 1, 'n/a', 1, 1, 'n/a', 1)(1, 1)",1
F_XxJAN6bNGu2eHKXmd8Hg,"(4, 'n/a', 'n/a', 3, 3, 4, 4, 3, 4, 'n/a', 2, 3, 'n/a', 5)",3.5,"(4, 'n/a', 'n/a', 3, 2, 4, 4, 3, 4, 'n/a', 2, 4, 'n/a', 4)",3.4,"(4, 'n/a', 'n/a', 3, 4, 4, 4, 2, 4, 'n/a', 2, 3, 'n/a', 4)",3.4,"(4, 'n/a', 'n/a', 3, 3, 4, 4, 3, 4, 'n/a', 2, 3, 'n/a', 4)",3.4,"(1, 'n/a', 'n/a', 1, 1, 1, 1, 1, 1, 'n/a', 1, 1, 'n/a', 1)",1,"(4,)",4.0,"(4,)",4.0,"(5,)",5.0,"(4,)",4.0,"(1,)",1,"(4, 'n/a', 'n/a', 3, 3, 4, 4, 3, 4, 'n/a', 2, 3, 'n/a', 5)(4,)",3.75,"(4, 'n/a', 'n/a', 3, 2, 4, 4, 3, 4, 'n/a', 2, 4, 'n/a', 4)(4,)",3.7,"(4, 'n/a', 'n/a', 3, 4, 4, 4, 2, 4, 'n/a', 2, 3, 'n/a', 4)(5,)",4.2,"(4, 'n/a', 'n/a', 3, 3, 4, 4, 3, 4, 'n/a', 2, 3, 'n/a', 4)(4,)",3.7,"(1, 'n/a', 'n/a', 1, 1, 1, 1, 1, 1, 'n/a', 1, 1, 'n/a', 1)(1,)",1
IdKhNrNNvcDHu_cS6E3dPw,"(4, 'n/a', 3, 3, 4, 4, 4, 'n/a', 4, 'n/a', 3, 3, 'n/a', 3)",3.5,"(4, 'n/a', 3, 3, 3, 4, 4, 'n/a', 3, 'n/a', 3, 5, 'n/a', 4)",3.6,"(4, 'n/a', 3, 3, 4, 4, 5, 'n/a', 3, 'n/a', 3, 4, 'n/a', 2)",3.5,"(4, 'n/a', 3, 3, 4, 4, 4, 'n/a', 3, 'n/a', 3, 4, 'n/a', 3)",3.5,"(1, 'n/a', 1, 1, 1, 1, 1, 'n/a', 1, 'n/a', 1, 1, 'n/a', 1)",1,"(4,)",4.0,"(4,)",4.0,"(4,)",4.0,"(4,)",4.0,"(1,)",1,"(4, 'n/a', 3, 3, 4, 4, 4, 'n/a', 4, 'n/a', 3, 3, 'n/a', 3)(4,)",3.75,"(4, 'n/a', 3, 3, 3, 4, 4, 'n/a', 3, 'n/a', 3, 5, 'n/a', 4)(4,)",3.8,"(4, 'n/a', 3, 3, 4, 4, 5, 'n/a', 3, 'n/a', 3, 4, 'n/a', 2)(4,)",3.75,"(4, 'n/a', 3, 3, 4, 4, 4, 'n/a', 3, 'n/a', 3, 4, 'n/a', 3)(4,)",3.75,"(1, 'n/a', 1, 1, 1, 1, 1, 'n/a', 1, 'n/a', 1, 1, 'n/a', 1)(1,)",1
uOM8pL17V1q9KHbVoRTNCA,"(4, 'n/a', 'n/a', 2, 3, 4, 'n/a', 3, 4, 3, 2, 2, 'n/a', 4)",3.1,"(4, 'n/a', 'n/a', 2, 2, 4, 'n/a', 2, 4, 3, 2, 3, 'n/a', 3)",2.9,"(4, 'n/a', 'n/a', 2, 3, 4, 'n/a', 2, 4, 3, 2, 2, 'n/a', 3)",2.9,"(4, 'n/a', 'n/a', 2, 3, 4, 'n/a', 2, 4, 3, 2, 2, 'n/a', 3)",2.9,"(1, 'n/a', 'n/a', 1, 1, 1, 'n/a', 1, 1, 1, 1, 1, 'n/a', 1)",1,"(4,)",4.0,"(3,)",3.0,"(4,)",4.0,"(4,)",4.0,"(1,)",1,"(4, 'n/a', 'n/a', 2, 3, 4, 'n/a', 3, 4, 3, 2, 2, 'n/a', 4)(4,)",3.55,"(4, 'n/a', 'n/a', 2, 2, 4, 'n/a', 2, 4, 3, 2, 3, 'n/a', 3)(3,)",2.95,"(4, 'n/a', 'n/a', 2, 3, 4, 'n/a', 2, 4, 3, 2, 2, 'n/a', 3)(4,)",3.45,"(4, 'n/a', 'n/a', 2, 3, 4, 'n/a', 2, 4, 3, 2, 2, 'n/a', 3)(4,)",3.45,"(1, 'n/a', 'n/a', 1, 1, 1, 'n/a', 1, 1, 1, 1, 1, 'n/a', 1)(1,)",1
yM0QMzxyOY6Jrt-1u5Dh7A,"(5, 'n/a', 'n/a', 4, 4, 4, 4, 'n/a', 4, 5, 3, 3, 'n/a', 3)",3.9,"(4, 'n/a', 'n/a', 4, 3, 4, 5, 'n/a', 4, 4, 3, 5, 'n/a', 5)",4.1,"(4, 'n/a', 'n/a', 4, 3, 4, 4, 'n/a', 4, 5, 3, 2, 'n/a', 4)",3.7,"(4, 'n/a', 'n/a', 4, 3, 4, 5, 'n/a', 4, 4, 3, 3, 'n/a', 4)",3.8,"(1, 'n/a', 'n/a', 1, 1, 1, 1, 'n/a', 1, 1, 1, 1, 'n/a', 1)",1,"(4,)",4.0,"(4,)",4.0,"(4,)",4.0,"(4,)",4.0,"(1,)",1,"(5, 'n/a', 'n/a', 4, 4, 4, 4, 'n/a', 4, 5, 3, 3, 'n/a', 3)(4,)",3.95,"(4, 'n/a', 'n/a', 4, 3, 4, 5, 'n/a', 4, 4, 3, 5, 'n/a', 5)(4,)",4.05,"(4, 'n/a', 'n/a', 4, 3, 4, 4, 'n/a', 4, 5, 3, 2, 'n/a', 4)(4,)",3.85,"(4, 'n/a', 'n/a', 4, 3, 4, 5, 'n/a', 4, 4, 3, 3, 'n/a', 4)(4,)",3.9,"(1, 'n/a', 'n/a', 1, 1, 1, 1, 'n/a', 1, 1, 1, 1, 'n/a', 1)(1,)",1
Zz88w6yp2mldw6psF8KB1w,"(2, 'n/a', 'n/a', 3, 2, 4, 'n/a', 3, 3, 2, 2, 2, 'n/a', 2)",2.5,"(2, 'n/a', 'n/a', 3, 1, 3, 'n/a', 2, 3, 2, 2, 3, 'n/a', 1)",2.2,"(2, 'n/a', 'n/a', 3, 2, 4, 'n/a', 2, 3, 3, 2, 1, 'n/a', 2)",2.4,"(2, 'n/a', 'n/a', 3, 2, 4, 'n/a', 2, 3, 2, 2, 2, 'n/a', 2)",2.4,"(1, 'n/a', 'n/a', 1, 1, 1, 'n/a', 1, 1, 1, 1, 1, 'n/a', 1)",1,"(4, 'n/a')",4.0,"(4, 'n/a')",4.0,"(4, 'n/a')",4.0,"(4, 'n/a')",4.0,"(1, 'n/a')",1,"(2, 'n/a', 'n/a', 3, 2, 4, 'n/a', 3, 3, 2, 2, 2, 'n/a', 2)(4, 'n/a')",3.25,"(2, 'n/a', 'n/a', 3, 1, 3, 'n/a', 2, 3, 2, 2, 3, 'n/a', 1)(4, 'n/a')",3.1,"(2, 'n/a', 'n/a', 3, 2, 4, 'n/a', 2, 3, 3, 2, 1, 'n/a', 2)(4, 'n/a')",3.2,"(2, 'n/a', 'n/a', 3, 2, 4, 'n/a', 2, 3, 2, 2, 2, 'n/a', 2)(4, 'n/a')",3.2,"(1, 'n/a', 'n/a', 1, 1, 1, 'n/a', 1, 1, 1, 1, 1, 'n/a', 1)(1, 'n/a')",1
STrhSX0i6GgO-73T8kr1rw,"(3, 'n/a', 'n/a', 'n/a', 3, 4, 4, 3, 3, 'n/a', 2, 2, 3, 3)",3.0,"(3, 'n/a', 'n/a', 'n/a', 3, 4, 4, 3, 3, 'n/a', 2, 4, 4, 2)",3.2,"(4, 'n/a', 'n/a', 'n/a', 4, 4, 4, 2, 3, 'n/a', 2, 3, 3, 2)",3.1,"(3, 'n/a', 'n/a', 'n/a', 3, 4, 4, 3, 3, 'n/a', 2, 3, 3, 2)",3.0,"(1, 'n/a', 'n/a', 'n/a', 1, 1, 1, 1, 1, 'n/a', 1, 1, 1, 1)",1,"(4, 'n/a')",4.0,"(4, 'n/a')",4.0,"(4, 'n/a')",4.0,"(4, 'n/a')",4.0,"(1, 'n/a')",1,"(3, 'n/a', 'n/a', 'n/a', 3, 4, 4, 3, 3, 'n/a', 2, 2, 3, 3)(4, 'n/a')",3.5,"(3, 'n/a', 'n/a', 'n/a', 3, 4, 4, 3, 3, 'n/a', 2, 4, 4, 2)(4, 'n/a')",3.6,"(4, 'n/a', 'n/a', 'n/a', 4, 4, 4, 2, 3, 'n/a', 2, 3, 3, 2)(4, 'n/a')",3.55,"(3, 'n/a', 'n/a', 'n/a', 3, 4, 4, 3, 3, 'n/a', 2, 3, 3, 2)(4, 'n/a')",3.5,"(1, 'n/a', 'n/a', 'n/a', 1, 1, 1, 1, 1, 'n/a', 1, 1, 1, 1)(1, 'n/a')",1
rmhMQ7YxBFbnscfCIDemOw,"(2, 'n/a', 'n/a', 'n/a', 2, 4, 1, 3, 3, 'n/a', 3, 1, 2, 2)",2.3,"(3, 'n/a', 'n/a', 'n/a', 3, 4, 3, 2, 3, 'n/a', 3, 1, 3, 2)",2.7,"(4, 'n/a', 'n/a', 'n/a', 1, 4, 1, 2, 3, 'n/a', 3, 1, 2, 1)",2.2,"(3, 'n/a', 'n/a', 'n/a', 2, 4, 2, 2, 3, 'n/a', 3, 1, 3, 1)",2.4,"(1, 'n/a', 'n/a', 'n/a', 1, 1, 1, 1, 1, 'n/a', 1, 1, 1, 1)",1,"(4, 'n/a')",4.0,"(3, 'n/a')",3.0,"(3, 'n/a')",3.0,"(3, 'n/a')",3.0,"(1, 'n/a')",1,"(2, 'n/a', 'n/a', 'n/a', 2, 4, 1, 3, 3, 'n/a', 3, 1, 2, 2)(4, 'n/a')",3.15,"(3, 'n/a', 'n/a', 'n/a', 3, 4, 3, 2, 3, 'n/a', 3, 1, 3, 2)(3, 'n/a')",2.85,"(4, 'n/a', 'n/a', 'n/a', 1, 4, 1, 2, 3, 'n/a', 3, 1, 2, 1)(3, 'n/a')",2.6,"(3, 'n/a', 'n/a', 'n/a', 2, 4, 2, 2, 3, 'n/a', 3, 1, 3, 1)(3, 'n/a')",2.7,"(1, 'n/a', 'n/a', 'n/a', 1, 1, 1, 1, 1, 'n/a', 1, 1, 1, 1)(1, 'n/a')",1
gpEEoXfu4nrjoRvf2lTybQ,"(5, 'n/a', 4, 'n/a', 4, 4, 4, 4, 4, 'n/a', 4, 3, 'n/a', 4)",4.0,"(5, 'n/a', 4, 'n/a', 4, 4, 5, 4, 4, 'n/a', 2, 5, 'n/a', 5)",4.2,"(5, 'n/a', 4, 'n/a', 3, 4, 5, 4, 4, 'n/a', 3, 4, 'n/a', 4)",4.0,"(5, 'n/a', 4, 'n/a', 4, 4, 5, 4, 4, 'n/a', 3, 4, 'n/a', 4)",4.1,"(1, 'n/a', 1, 'n/a', 1, 1, 1, 1, 1, 'n/a', 1, 1, 'n/a', 1)",1,"(4, 'n/a')",4.0,"(4, 'n/a')",4.0,"(4, 'n/a')",4.0,"(4, 'n/a')",4.0,"(1, 'n/a')",1,"(5, 'n/a', 4, 'n/a', 4, 4, 4, 4, 4, 'n/a', 4, 3, 'n/a', 4)(4, 'n/a')",4.0,"(5, 'n/a', 4, 'n/a', 4, 4, 5, 4, 4, 'n/a', 2, 5, 'n/a', 5)(4, 'n/a')",4.1,"(5, 'n/a', 4, 'n/a', 3, 4, 5, 4, 4, 'n/a', 3, 4, 'n/a', 4)(4, 'n/a')",4.0,"(5, 'n/a', 4, 'n/a', 4, 4, 5, 4, 4, 'n/a', 3, 4, 'n/a', 4)(4, 'n/a')",4.05,"(1, 'n/a', 1, 'n/a', 1, 1, 1, 1, 1, 'n/a', 1, 1, 'n/a', 1)(1, 'n/a')",1
oOG23-993yJYL-jIHTfByg,"(2, 'n/a', 'n/a', 4, 2, 4, 5, 'n/a', 4, 3, 2, 3, 'n/a', 4)",3.3,"(2, 'n/a', 'n/a', 4, 2, 3, 5, 'n/a', 4, 4, 2, 4, 'n/a', 4)",3.4,"(2, 'n/a', 'n/a', 4, 3, 4, 5, 'n/a', 4, 3, 2, 1, 'n/a', 4)",3.2,"(2, 'n/a', 'n/a', 4, 2, 4, 5, 'n/a', 4, 3, 2, 3, 'n/a', 4)",3.3,"(1, 'n/a', 'n/a', 1, 1, 1, 1, 'n/a', 1, 1, 1, 1, 'n/a', 1)",1,"('n/a', 4)",4.0,"('n/a', 4)",4.0,"('n/a', 4)",4.0,"('n/a', 4)",4.0,"('n/a', 1)",1,"(2, 'n/a', 'n/a', 4, 2, 4, 5, 'n/a', 4, 3, 2, 3, 'n/a', 4)('n/a', 4)",3.65,"(2, 'n/a', 'n/a', 4, 2, 3, 5, 'n/a', 4, 4, 2, 4, 'n/a', 4)('n/a', 4)",3.7,"(2, 'n/a', 'n/a', 4, 3, 4, 5, 'n/a', 4, 3, 2, 1, 'n/a', 4)('n/a', 4)",3.6,"(2, 'n/a', 'n/a', 4, 2, 4, 5, 'n/a', 4, 3, 2, 3, 'n/a', 4)('n/a', 4)",3.65,"(1, 'n/a', 'n/a', 1, 1, 1, 1, 'n/a', 1, 1, 1, 1, 'n/a', 1)('n/a', 1)",1
uohL_Rkp8k_b-mNXtpIJLA,"(4, 'n/a', 'n/a', 3, 5, 4, 'n/a', 4, 4, 4, 4, 4, 'n/a', 5)",4.1,"(4, 'n/a', 'n/a', 3, 4, 4, 'n/a', 4, 4, 4, 4, 3, 'n/a', 5)",3.9,"(4, 'n/a', 'n/a', 3, 5, 4, 'n/a', 4, 4, 3, 4, 4, 'n/a', 4)",3.9,"(4, 'n/a', 'n/a', 3, 5, 4, 'n/a', 4, 4, 4, 4, 4, 'n/a', 5)",4.1,"(1, 'n/a', 'n/a', 1, 1, 1, 'n/a', 1, 1, 1, 1, 1, 'n/a', 1)",1,"(4,)",4.0,"(4,)",4.0,"(4,)",4.0,"(4,)",4.0,"(1,)",1,"(4, 'n/a', 'n/a', 3, 5, 4, 'n/a', 4, 4, 4, 4, 4, 'n/a', 5)(4,)",4.05,"(4, 'n/a', 'n/a', 3, 4, 4, 'n/a', 4, 4, 4, 4, 3, 'n/a', 5)(4,)",3.95,"(4, 'n/a', 'n/a', 3, 5, 4, 'n/a', 4, 4, 3, 4, 4, 'n/a', 4)(4,)",3.95,"(4, 'n/a', 'n/a', 3, 5, 4, 'n/a', 4, 4, 4, 4, 4, 'n/a', 5)(4,)",4.05,"(1, 'n/a', 'n/a', 1, 1, 1, 'n/a', 1, 1, 1, 1, 1, 'n/a', 1)(1,)",1
cCZoMgWGCQESEw6l0v56XA,"(1, 'n/a', 2, 'n/a', 4, 3, 5, 3, 4, 'n/a', 1, 2, 'n/a', 5)",3.0,"(1, 'n/a', 2, 'n/a', 1, 2, 4, 2, 4, 'n/a', 1, 2, 'n/a', 4)",2.3,"(1, 'n/a', 2, 'n/a', 2, 3, 5, 2, 4, 'n/a', 1, 2, 'n/a', 5)",2.7,"(1, 'n/a', 2, 'n/a', 2, 3, 5, 2, 4, 'n/a', 1, 2, 'n/a', 5)",2.7,"(1, 'n/a', 1, 'n/a', 1, 1, 1, 1, 1, 'n/a', 1, 1, 'n/a', 1)",1,"(4, 'n/a')",4.0,"(4, 'n/a')",4.0,"(4, 'n/a')",4.0,"(4, 'n/a')",4.0,"(1, 'n/a')",1,"(1, 'n/a', 2, 'n/a', 4, 3, 5, 3, 4, 'n/a', 1, 2, 'n/a', 5)(4, 'n/a')",3.5,"(1, 'n/a', 2, 'n/a', 1, 2, 4, 2, 4, 'n/a', 1, 2, 'n/a', 4)(4, 'n/a')",3.15,"(1, 'n/a', 2, 'n/a', 2, 3, 5, 2, 4, 'n/a', 1, 2, 'n/a', 5)(4, 'n/a')",3.35,"(1, 'n/a', 2, 'n/a', 2, 3, 5, 2, 4, 'n/a', 1, 2, 'n/a', 5)(4, 'n/a')",3.35,"(1, 'n/a', 1, 'n/a', 1, 1, 1, 1, 1, 'n/a', 1, 1, 'n/a', 1)(1, 'n/a')",1
FlxZWMDLomPTEQPxpZJMBQ,"(4, 'n/a', 'n/a', 3, 4, 4, 'n/a', 'n/a', 4, 3, 3, 2, 4, 5)",3.6,"(4, 'n/a', 'n/a', 3, 3, 4, 'n/a', 'n/a', 4, 2, 3, 4, 4, 5)",3.6,"(4, 'n/a', 'n/a', 3, 4, 4, 'n/a', 'n/a', 4, 3, 3, 3, 4, 5)",3.7,"(4, 'n/a', 'n/a', 3, 4, 4, 'n/a', 'n/a', 4, 3, 3, 3, 4, 5)",3.7,"(1, 'n/a', 'n/a', 1, 1, 1, 'n/a', 'n/a', 1, 1, 1, 1, 1, 1)",1,"(4, 'n/a')",4.0,"(4, 'n/a')",4.0,"(4, 'n/a')",4.0,"(4, 'n/a')",4.0,"(1, 'n/a')",1,"(4, 'n/a', 'n/a', 3, 4, 4, 'n/a', 'n/a', 4, 3, 3, 2, 4, 5)(4, 'n/a')",3.8,"(4, 'n/a', 'n/a', 3, 3, 4, 'n/a', 'n/a', 4, 2, 3, 4, 4, 5)(4, 'n/a')",3.8,"(4, 'n/a', 'n/a', 3, 4, 4, 'n/a', 'n/a', 4, 3, 3, 3, 4, 5)(4, 'n/a')",3.85,"(4, 'n/a', 'n/a', 3, 4, 4, 'n/a', 'n/a', 4, 3, 3, 3, 4, 5)(4, 'n/a')",3.85,"(1, 'n/a', 'n/a', 1, 1, 1, 'n/a', 'n/a', 1, 1, 1, 1, 1, 1)(1, 'n/a')",1
dLY8uknKjFn8JfOxz3WWCg,"(4, 'n/a', 'n/a', 3, 3, 4, 'n/a', 'n/a', 4, 4, 3, 2, 4, 4)",3.5,"(4, 'n/a', 'n/a', 3, 2, 4, 'n/a', 'n/a', 4, 3, 3, 2, 4, 3)",3.2,"(4, 'n/a', 'n/a', 3, 3, 4, 'n/a', 'n/a', 4, 4, 3, 1, 3, 3)",3.2,"(4, 'n/a', 'n/a', 3, 3, 4, 'n/a', 'n/a', 4, 3, 3, 2, 3, 3)",3.2,"(1, 'n/a', 'n/a', 1, 1, 1, 'n/a', 'n/a', 1, 1, 1, 1, 1, 1)",1,"(4, 'n/a')",4.0,"(3, 'n/a')",3.0,"(3, 'n/a')",3.0,"(4, 'n/a')",4.0,"(1, 'n/a')",1,"(4, 'n/a', 'n/a', 3, 3, 4, 'n/a', 'n/a', 4, 4, 3, 2, 4, 4)(4, 'n/a')",3.75,"(4, 'n/a', 'n/a', 3, 2, 4, 'n/a', 'n/a', 4, 3, 3, 2, 4, 3)(3, 'n/a')",3.1,"(4, 'n/a', 'n/a', 3, 3, 4, 'n/a', 'n/a', 4, 4, 3, 1, 3, 3)(3, 'n/a')",3.1,"(4, 'n/a', 'n/a', 3, 3, 4, 'n/a', 'n/a', 4, 3, 3, 2, 3, 3)(4, 'n/a')",3.6,"(1, 'n/a', 'n/a', 1, 1, 1, 'n/a', 'n/a', 1, 1, 1, 1, 1, 1)(1, 'n/a')",1
0T1dPyOXydbuN_1fQe28vQ,"(2, 'n/a', 'n/a', 2, 2, 4, 'n/a', 3, 3, 2, 3, 2, 'n/a', 3)",2.6,"(3, 'n/a', 'n/a', 2, 2, 3, 'n/a', 3, 4, 2, 3, 3, 'n/a', 3)",2.8,"(3, 'n/a', 'n/a', 2, 3, 4, 'n/a', 3, 3, 2, 3, 2, 'n/a', 3)",2.8,"(3, 'n/a', 'n/a', 2, 2, 4, 'n/a', 3, 3, 2, 3, 2, 'n/a', 3)",2.7,"(1, 'n/a', 'n/a', 1, 1, 1, 'n/a', 1, 1, 1, 1, 1, 'n/a', 1)",1,"(3,)",3.0,"(2,)",2.0,"(2,)",2.0,"(2,)",2.0,"(1,)",1,"(2, 'n/a', 'n/a', 2, 2, 4, 'n/a', 3, 3, 2, 3, 2, 'n/a', 3)(3,)",2.8,"(3, 'n/a', 'n/a', 2, 2, 3, 'n/a', 3, 4, 2, 3, 3, 'n/a', 3)(2,)",2.4,"(3, 'n/a', 'n/a', 2, 3, 4, 'n/a', 3, 3, 2, 3, 2, 'n/a', 3)(2,)",2.4,"(3, 'n/a', 'n/a', 2, 2, 4, 'n/a', 3, 3, 2, 3, 2, 'n/a', 3)(2,)",2.35,"(1, 'n/a', 'n/a', 1, 1, 1, 'n/a', 1, 1, 1, 1, 1, 'n/a', 1)(1,)",1
Jj_e3DcOw8yi49MjW_tAXQ,"(4, 'n/a', 'n/a', 2, 4, 4, 5, 'n/a', 4, 2, 2, 4, 'n/a', 4)",3.5,"(4, 'n/a', 'n/a', 2, 3, 3, 5, 'n/a', 4, 2, 2, 5, 'n/a', 3)",3.3,"(3, 'n/a', 'n/a', 2, 3, 4, 5, 'n/a', 4, 3, 2, 3, 'n/a', 3)",3.2,"(4, 'n/a', 'n/a', 2, 3, 4, 5, 'n/a', 4, 2, 2, 4, 'n/a', 3)",3.3,"(1, 'n/a', 'n/a', 1, 1, 1, 1, 'n/a', 1, 1, 1, 1, 'n/a', 1)",1,"(4, 'n/a')",4.0,"(4, 'n/a')",4.0,"(4, 'n/a')",4.0,"(4, 'n/a')",4.0,"(1, 'n/a')",1,"(4, 'n/a', 'n/a', 2, 4, 4, 5, 'n/a', 4, 2, 2, 4, 'n/a', 4)(4, 'n/a')",3.75,"(4, 'n/a', 'n/a', 2, 3, 3, 5, 'n/a', 4, 2, 2, 5, 'n/a', 3)(4, 'n/a')",3.65,"(3, 'n/a', 'n/a', 2, 3, 4, 5, 'n/a', 4, 3, 2, 3, 'n/a', 3)(4, 'n/a')",3.6,"(4, 'n/a', 'n/a', 2, 3, 4, 5, 'n/a', 4, 2, 2, 4, 'n/a', 3)(4, 'n/a')",3.65,"(1, 'n/a', 'n/a', 1, 1, 1, 1, 'n/a', 1, 1, 1, 1, 'n/a', 1)(1, 'n/a')",1
XdTHIXT0S5sRNpTcgoVheA,"(4, 'n/a', 'n/a', 2, 2, 4, 5, 3, 2, 'n/a', 3, 3, 'n/a', 5)",3.3,"(4, 'n/a', 'n/a', 2, 3, 4, 5, 3, 3, 'n/a', 4, 4, 'n/a', 3)",3.5,"(4, 'n/a', 'n/a', 2, 2, 4, 5, 2, 3, 'n/a', 2, 2, 'n/a', 2)",2.8,"(4, 'n/a', 'n/a', 2, 2, 4, 5, 3, 3, 'n/a', 3, 3, 'n/a', 3)",3.2,"(1, 'n/a', 'n/a', 1, 1, 1, 1, 1, 1, 'n/a', 1, 1, 'n/a', 1)",1,"(4, 'n/a')",4.0,"(4, 'n/a')",4.0,"(4, 'n/a')",4.0,"(4, 'n/a')",4.0,"(1, 'n/a')",1,"(4, 'n/a', 'n/a', 2, 2, 4, 5, 3, 2, 'n/a', 3, 3, 'n/a', 5)(4, 'n/a')",3.65,"(4, 'n/a', 'n/a', 2, 3, 4, 5, 3, 3, 'n/a', 4, 4, 'n/a', 3)(4, 'n/a')",3.75,"(4, 'n/a', 'n/a', 2, 2, 4, 5, 2, 3, 'n/a', 2, 2, 'n/a', 2)(4, 'n/a')",3.4,"(4, 'n/a', 'n/a', 2, 2, 4, 5, 3, 3, 'n/a', 3, 3, 'n/a', 3)(4, 'n/a')",3.6,"(1, 'n/a', 'n/a', 1, 1, 1, 1, 1, 1, 'n/a', 1, 1, 'n/a', 1)(1, 'n/a')",1
gFX9EbkSjp_VEh_ne_xxcg,"(2, 'n/a', 'n/a', 1, 3, 4, 5, 3, 3, 'n/a', 2, 3, 'n/a', 4)",3.0,"(2, 'n/a', 'n/a', 1, 2, 4, 5, 2, 2, 'n/a', 2, 4, 'n/a', 4)",2.8,"(2, 'n/a', 'n/a', 1, 2, 4, 5, 1, 3, 'n/a', 2, 2, 'n/a', 3)",2.5,"(2, 'n/a', 'n/a', 1, 2, 4, 5, 2, 3, 'n/a', 2, 3, 'n/a', 4)",2.8,"(1, 'n/a', 'n/a', 1, 1, 1, 1, 1, 1, 'n/a', 1, 1, 'n/a', 1)",1,"(4, 'n/a')",4.0,"(4, 'n/a')",4.0,"(4, 'n/a')",4.0,"(4, 'n/a')",4.0,"(1, 'n/a')",1,"(2, 'n/a', 'n/a', 1, 3, 4, 5, 3, 3, 'n/a', 2, 3, 'n/a', 4)(4, 'n/a')",3.5,"(2, 'n/a', 'n/a', 1, 2, 4, 5, 2, 2, 'n/a', 2, 4, 'n/a', 4)(4, 'n/a')",3.4,"(2, 'n/a', 'n/a', 1, 2, 4, 5, 1, 3, 'n/a', 2, 2, 'n/a', 3)(4, 'n/a')",3.25,"(2, 'n/a', 'n/a', 1, 2, 4, 5, 2, 3, 'n/a', 2, 3, 'n/a', 4)(4, 'n/a')",3.4,"(1, 'n/a', 'n/a', 1, 1, 1, 1, 1, 1, 'n/a', 1, 1, 'n/a', 1)(1, 'n/a')",1
apHxOT8T_pyCwDyr7c1MvA,"(4, 'n/a', 'n/a', 'n/a', 4, 4, 5, 3, 4, 'n/a', 1, 4, 4, 3)",3.6,"(4, 'n/a', 'n/a', 'n/a', 3, 4, 4, 3, 4, 'n/a', 1, 5, 4, 3)",3.5,"(3, 'n/a', 'n/a', 'n/a', 4, 4, 4, 2, 4, 'n/a', 1, 4, 4, 3)",3.3,"(4, 'n/a', 'n/a', 'n/a', 4, 4, 4, 3, 4, 'n/a', 1, 4, 4, 3)",3.5,"(1, 'n/a', 'n/a', 'n/a', 1, 1, 1, 1, 1, 'n/a', 1, 1, 1, 1)",1,"(4,)",4.0,"(4,)",4.0,"(3,)",3.0,"(3,)",3.0,"(1,)",1,"(4, 'n/a', 'n/a', 'n/a', 4, 4, 5, 3, 4, 'n/a', 1, 4, 4, 3)(4,)",3.8,"(4, 'n/a', 'n/a', 'n/a', 3, 4, 4, 3, 4, 'n/a', 1, 5, 4, 3)(4,)",3.75,"(3, 'n/a', 'n/a', 'n/a', 4, 4, 4, 2, 4, 'n/a', 1, 4, 4, 3)(3,)",3.15,"(4, 'n/a', 'n/a', 'n/a', 4, 4, 4, 3, 4, 'n/a', 1, 4, 4, 3)(3,)",3.25,"(1, 'n/a', 'n/a', 'n/a', 1, 1, 1, 1, 1, 'n/a', 1, 1, 1, 1)(1,)",1
H6Q1gfesJJJxY1r0nZg2Og,"(3, 'n/a', 'n/a', 4, 3, 4, 'n/a', 3, 4, 3, 3, 3, 'n/a', 5)",3.5,"(2, 'n/a', 'n/a', 3, 2, 4, 'n/a', 2, 4, 4, 3, 5, 'n/a', 5)",3.4,"(3, 'n/a', 'n/a', 3, 4, 4, 'n/a', 2, 4, 3, 3, 3, 'n/a', 5)",3.4,"(3, 'n/a', 'n/a', 3, 3, 4, 'n/a', 2, 4, 3, 3, 3, 'n/a', 5)",3.3,"(1, 'n/a', 'n/a', 1, 1, 1, 'n/a', 1, 1, 1, 1, 1, 'n/a', 1)",1,"('n/a', 5)",5.0,"('n/a', 5)",5.0,"('n/a', 5)",5.0,"('n/a', 5)",5.0,"('n/a', 1)",1,"(3, 'n/a', 'n/a', 4, 3, 4, 'n/a', 3, 4, 3, 3, 3, 'n/a', 5)('n/a', 5)",4.25,"(2, 'n/a', 'n/a', 3, 2, 4, 'n/a', 2, 4, 4, 3, 5, 'n/a', 5)('n/a', 5)",4.2,"(3, 'n/a', 'n/a', 3, 4, 4, 'n/a', 2, 4, 3, 3, 3, 'n/a', 5)('n/a', 5)",4.2,"(3, 'n/a', 'n/a', 3, 3, 4, 'n/a', 2, 4, 3, 3, 3, 'n/a', 5)('n/a', 5)",4.15,"(1, 'n/a', 'n/a', 1, 1, 1, 'n/a', 1, 1, 1, 1, 1, 'n/a', 1)('n/a', 1)",1
-mk43pUPy6AD22PTSN77Tg,"(2, 'n/a', 'n/a', 2, 3, 4, 5, 3, 3, 'n/a', 4, 4, 'n/a', 1)",3.1,"(2, 'n/a', 'n/a', 2, 2, 4, 5, 4, 3, 'n/a', 4, 5, 'n/a', 1)",3.2,"(2, 'n/a', 'n/a', 2, 3, 4, 5, 3, 3, 'n/a', 4, 2, 'n/a', 1)",2.9,"(2, 'n/a', 'n/a', 2, 2, 4, 5, 3, 3, 'n/a', 4, 3, 'n/a', 1)",2.9,"(1, 'n/a', 'n/a', 1, 1, 1, 1, 1, 1, 'n/a', 1, 1, 'n/a', 1)",1,"(3,)",3.0,"(2,)",2.0,"(2,)",2.0,"(2,)",2.0,"(1,)",1,"(2, 'n/a', 'n/a', 2, 3, 4, 5, 3, 3, 'n/a', 4, 4, 'n/a', 1)(3,)",3.05,"(2, 'n/a', 'n/a', 2, 2, 4, 5, 4, 3, 'n/a', 4, 5, 'n/a', 1)(2,)",2.6,"(2, 'n/a', 'n/a', 2, 3, 4, 5, 3, 3, 'n/a', 4, 2, 'n/a', 1)(2,)",2.45,"(2, 'n/a', 'n/a', 2, 2, 4, 5, 3, 3, 'n/a', 4, 3, 'n/a', 1)(2,)",2.45,"(1, 'n/a', 'n/a', 1, 1, 1, 1, 1, 1, 'n/a', 1, 1, 'n/a', 1)(1,)",1
XW7Fr5axJRyYzHBDgdVbMw,"('n/a', 3, 'n/a', 4, 2, 4, 'n/a', 'n/a', 4, 2, 1, 3, 4, 4)",3.1,"('n/a', 4, 'n/a', 4, 2, 3, 'n/a', 'n/a', 5, 3, 1, 5, 4, 3)",3.4,"('n/a', 4, 'n/a', 4, 3, 3, 'n/a', 'n/a', 4, 2, 1, 3, 4, 3)",3.1,"('n/a', 4, 'n/a', 4, 2, 3, 'n/a', 'n/a', 4, 2, 1, 3, 4, 3)",3.0,"('n/a', 1, 'n/a', 1, 1, 1, 'n/a', 'n/a', 1, 1, 1, 1, 1, 1)",1,"(4, 'n/a')",4.0,"(4, 'n/a')",4.0,"(4, 'n/a')",4.0,"(4, 'n/a')",4.0,"(1, 'n/a')",1,"('n/a', 3, 'n/a', 4, 2, 4, 'n/a', 'n/a', 4, 2, 1, 3, 4, 4)(4, 'n/a')",3.55,"('n/a', 4, 'n/a', 4, 2, 3, 'n/a', 'n/a', 5, 3, 1, 5, 4, 3)(4, 'n/a')",3.7,"('n/a', 4, 'n/a', 4, 3, 3, 'n/a', 'n/a', 4, 2, 1, 3, 4, 3)(4, 'n/a')",3.55,"('n/a', 4, 'n/a', 4, 2, 3, 'n/a', 'n/a', 4, 2, 1, 3, 4, 3)(4, 'n/a')",3.5,"('n/a', 1, 'n/a', 1, 1, 1, 'n/a', 'n/a', 1, 1, 1, 1, 1, 1)(1, 'n/a')",1
